// ─────────────────────────────────────────────────────────────────
//  Generados con: https://javl.github.io/image2cpp/
//  Opciones: transparente, 2 bit per pixel, arduino code, single bitmap
// ─────────────────────────────────────────────────────────────────
#pragma once

inline constexpr uint8_t LOGO_WIDTH  = 160;
inline constexpr uint8_t LOGO_HEIGHT = 128;

namespace Logos {
    inline constexpr uint16_t paleta_logo[5] = {
        0x0000, // 0: transparente
        0x1444, // 1: verde
        0xEB44, // 2: naranja
        0xB016, // 3: morado
        0x2CD7  // 4: azul
    };

    const uint8_t logo_rle[] = {
        0x1f, 0x1f, 0x1f, 0x1f, 0x1f, 0x1f, 0x1f, 0x1f, 0x1f, 0x1f, 0x1f, 0x1f,
    0x1f, 0x1f, 0x1f, 0x1f, 0x1f, 0x1f, 0x1f, 0x1f, 0x1f, 0x1f, 0x1f, 0x1f,
    0x1f, 0x1f, 0x1f, 0x1f, 0x1f, 0x1f, 0x1f, 0x1f, 0x1f, 0x1f, 0x1f, 0x1f,
    0x1f, 0x1f, 0x1f, 0x1f, 0x1f, 0x1f, 0x1f, 0x1f, 0x1f, 0x1f, 0x1f, 0x1f,
    0x1f, 0x1f, 0x1f, 0x1f, 0x1f, 0x1f, 0x1f, 0x1f, 0x1f, 0x1f, 0x1f, 0x17,
    0x63, 0x04, 0x64, 0x1f, 0x1f, 0x1f, 0x1f, 0x18, 0x64, 0x04, 0x64, 0x1f,
    0x1f, 0x1f, 0x1f, 0x18, 0x64, 0x04, 0x65, 0x1f, 0x1f, 0x1f, 0x1f, 0x17,
    0x63, 0x07, 0x63, 0x1f, 0x1f, 0x1f, 0x1f, 0x17, 0x63, 0x07, 0x63, 0x1f,
    0x1f, 0x1f, 0x0c, 0x3f, 0x29, 0x02, 0x63, 0x07, 0x63, 0x1f, 0x1f, 0x1f,
    0x0c, 0x3f, 0x29, 0x64, 0x08, 0x64, 0x1f, 0x1f, 0x1f, 0x0b, 0x2d, 0x01,
    0x25, 0x02, 0x2b, 0x02, 0x26, 0x64, 0x09, 0x63, 0x1f, 0x1f, 0x1f, 0x0b,
    0x2d, 0x01, 0x25, 0x02, 0x2b, 0x02, 0x26, 0x64, 0x08, 0x64, 0x1f, 0x1f,
    0x1f, 0x0b, 0x2d, 0x01, 0x25, 0x02, 0x2b, 0x02, 0x26, 0x02, 0x63, 0x07,
    0x63, 0x1f, 0x1f, 0x1f, 0x0c, 0x2d, 0x01, 0x25, 0x02, 0x2b, 0x02, 0x26,
    0x02, 0x63, 0x07, 0x63, 0x1f, 0x1f, 0x1f, 0x0c, 0x2d, 0x01, 0x25, 0x02,
    0x2b, 0x02, 0x26, 0x02, 0x63, 0x07, 0x63, 0x1f, 0x1f, 0x1f, 0x0c, 0x2d,
    0x01, 0x25, 0x02, 0x2b, 0x02, 0x26, 0x02, 0x64, 0x04, 0x65, 0x1f, 0x1f,
    0x1f, 0x0c, 0x2d, 0x01, 0x25, 0x02, 0x2b, 0x02, 0x26, 0x02, 0x64, 0x04,
    0x65, 0x1f, 0x1f, 0x1f, 0x0c, 0x2d, 0x01, 0x26, 0x02, 0x29, 0x04, 0x25,
    0x44, 0x62, 0x04, 0x64, 0x1f, 0x1f, 0x1f, 0x0d, 0x2d, 0x01, 0x27, 0x02,
    0x28, 0x04, 0x25, 0x44, 0x06, 0x41, 0x1f, 0x1f, 0x1f, 0x10, 0x2d, 0x01,
    0x28, 0x02, 0x27, 0x04, 0x25, 0x45, 0x04, 0x44, 0x1f, 0x1f, 0x1f, 0x0e,
    0x2d, 0x01, 0x29, 0x04, 0x2d, 0x45, 0x03, 0x46, 0x1f, 0x1f, 0x1f, 0x0d,
    0x2d, 0x02, 0x28, 0x04, 0x2d, 0x4e, 0x1f, 0x1f, 0x1f, 0x0d, 0x2d, 0x03,
    0x28, 0x03, 0x2d, 0x4d, 0x1f, 0x1f, 0x1f, 0x0e, 0x2e, 0x03, 0x37, 0x4d,
    0x1f, 0x1f, 0x1f, 0x0e, 0x2f, 0x03, 0x36, 0x4d, 0x1f, 0x1f, 0x1f, 0x0e,
    0x30, 0x03, 0x35, 0x4e, 0x01, 0x44, 0x1f, 0x1f, 0x1f, 0x08, 0x31, 0x03,
    0x34, 0x54, 0x1f, 0x1f, 0x1f, 0x07, 0x33, 0x02, 0x33, 0x54, 0x1f, 0x1f,
    0x1f, 0x07, 0x34, 0x04, 0x30, 0x42, 0x04, 0x4f, 0x1f, 0x1f, 0x1f, 0x06,
    0x34, 0x04, 0x30, 0x08, 0x4b, 0x1f, 0x1f, 0x1f, 0x08, 0x34, 0x04, 0x2f,
    0x0a, 0x49, 0x1f, 0x1f, 0x1f, 0x09, 0x35, 0x02, 0x2f, 0x0b, 0x48, 0x1f,
    0x1f, 0x1f, 0x0a, 0x23, 0x0e, 0x35, 0x0c, 0x48, 0x1f, 0x1f, 0x1f, 0x09,
    0x24, 0x0e, 0x34, 0x0c, 0x48, 0x1f, 0x1f, 0x1f, 0x09, 0x30, 0x03, 0x33,
    0x0c, 0x4a, 0x1f, 0x1f, 0x1f, 0x07, 0x31, 0x03, 0x32, 0x0c, 0x4c, 0x1f,
    0x1f, 0x1f, 0x05, 0x32, 0x03, 0x31, 0x0c, 0x4c, 0x1f, 0x1f, 0x1f, 0x05,
    0x33, 0x03, 0x26, 0x02, 0x29, 0x0a, 0x4c, 0x1f, 0x1f, 0x1f, 0x06, 0x23,
    0x0b, 0x26, 0x0b, 0x28, 0x0a, 0x4c, 0x1f, 0x1f, 0x1f, 0x06, 0x23, 0x0c,
    0x26, 0x0a, 0x29, 0x07, 0x4a, 0x1f, 0x1f, 0x1f, 0x0a, 0x2e, 0x02, 0x2c,
    0x03, 0x2c, 0x02, 0x4b, 0x1f, 0x1f, 0x1f, 0x0b, 0x2e, 0x03, 0x3b, 0x01,
    0x4b, 0x1f, 0x1f, 0x1f, 0x0b, 0x2f, 0x03, 0x3a, 0x01, 0x4b, 0x1f, 0x1f,
    0x1f, 0x0b, 0x30, 0x03, 0x30, 0x02, 0x27, 0x01, 0x4c, 0x0a, 0x81, 0x1f,
    0x1f, 0x1e, 0x31, 0x03, 0x2e, 0x04, 0x26, 0x01, 0x4c, 0x05, 0x86, 0x1f,
    0x1f, 0x1e, 0x32, 0x14, 0x26, 0x01, 0x4d, 0x04, 0x86, 0x1f, 0x1f, 0x1e,
    0x27, 0x04, 0x38, 0x03, 0x26, 0x01, 0x45, 0x02, 0x44, 0x06, 0x86, 0x1f,
    0x1f, 0x1e, 0x27, 0x04, 0x3f, 0x22, 0x01, 0x44, 0x05, 0x41, 0x07, 0x86,
    0x1f, 0x1f, 0x1e, 0x27, 0x04, 0x3f, 0x22, 0x01, 0x44, 0x0d, 0x86, 0x1f,
    0x1f, 0x1e, 0x28, 0x03, 0x3f, 0x22, 0x01, 0x44, 0x0d, 0x86, 0x1f, 0x1f,
    0x1e, 0x3f, 0x2d, 0x01, 0x43, 0x0e, 0x86, 0x1f, 0x1f, 0x1e, 0x3f, 0x2d,
    0x01, 0x42, 0x0f, 0x86, 0x1f, 0x15, 0x25, 0x0b, 0x26, 0x0c, 0x24, 0x0a,
    0x24, 0x0c, 0x83, 0x07, 0x82, 0x0c, 0x85, 0x09, 0x86, 0x11, 0x85, 0x10,
    0x82, 0x0a, 0x2d, 0x04, 0x2a, 0x03, 0x2c, 0x06, 0x26, 0x03, 0x86, 0x01,
    0x87, 0x03, 0x87, 0x07, 0x8d, 0x03, 0x86, 0x03, 0x87, 0x05, 0x89, 0x05,
    0x85, 0x02, 0x84, 0x08, 0x2f, 0x03, 0x2b, 0x03, 0x2e, 0x04, 0x26, 0x03,
    0x8f, 0x01, 0x89, 0x05, 0x8e, 0x03, 0x86, 0x02, 0x87, 0x04, 0x8c, 0x04,
    0x8b, 0x08, 0x2f, 0x02, 0x2c, 0x03, 0x2f, 0x03, 0x26, 0x03, 0x99, 0x04,
    0x8f, 0x03, 0x86, 0x02, 0x86, 0x04, 0x8e, 0x03, 0x8b, 0x07, 0x30, 0x02,
    0x26, 0x02, 0x24, 0x03, 0x2f, 0x03, 0x26, 0x03, 0x99, 0x04, 0x8f, 0x03,
    0x86, 0x01, 0x86, 0x05, 0x8e, 0x03, 0x8b, 0x07, 0x27, 0x02, 0x27, 0x02,
    0x26, 0x04, 0x22, 0x03, 0x26, 0x03, 0x27, 0x02, 0x26, 0x03, 0x9a, 0x02,
    0x87, 0x03, 0x86, 0x03, 0x8c, 0x05, 0x86, 0x04, 0x85, 0x03, 0x8b, 0x06,
    0x27, 0x03, 0x27, 0x02, 0x29, 0x06, 0x26, 0x04, 0x26, 0x02, 0x26, 0x03,
    0x87, 0x03, 0x87, 0x02, 0x87, 0x02, 0x86, 0x04, 0x86, 0x03, 0x8c, 0x05,
    0x85, 0x06, 0x85, 0x02, 0x8b, 0x06, 0x26, 0x04, 0x27, 0x03, 0x2a, 0x04,
    0x26, 0x04, 0x26, 0x02, 0x26, 0x03, 0x86, 0x04, 0x86, 0x04, 0x86, 0x02,
    0x86, 0x04, 0x86, 0x03, 0x8b, 0x06, 0x90, 0x02, 0x86, 0x0b, 0x26, 0x04,
    0x27, 0x03, 0x2b, 0x03, 0x26, 0x04, 0x26, 0x02, 0x26, 0x03, 0x86, 0x04,
    0x86, 0x04, 0x86, 0x02, 0x86, 0x04, 0x86, 0x03, 0x8b, 0x05, 0x91, 0x02,
    0x86, 0x0b, 0x26, 0x04, 0x27, 0x04, 0x2a, 0x03, 0x26, 0x04, 0x26, 0x02,
    0x26, 0x03, 0x86, 0x04, 0x86, 0x04, 0x86, 0x02, 0x86, 0x04, 0x86, 0x03,
    0x8c, 0x04, 0x90, 0x03, 0x86, 0x0b, 0x27, 0x03, 0x27, 0x06, 0x29, 0x02,
    0x26, 0x04, 0x26, 0x02, 0x26, 0x03, 0x86, 0x04, 0x86, 0x04, 0x86, 0x02,
    0x86, 0x04, 0x86, 0x03, 0x86, 0x01, 0x86, 0x04, 0x85, 0x09, 0x81, 0x03,
    0x86, 0x0c, 0x26, 0x03, 0x27, 0x02, 0x22, 0x05, 0x26, 0x02, 0x26, 0x03,
    0x27, 0x02, 0x26, 0x03, 0x86, 0x04, 0x86, 0x04, 0x86, 0x02, 0x87, 0x03,
    0x86, 0x03, 0x86, 0x01, 0x87, 0x03, 0x86, 0x06, 0x83, 0x03, 0x86, 0x0c,
    0x30, 0x02, 0x24, 0x03, 0x25, 0x03, 0x2f, 0x03, 0x26, 0x03, 0x86, 0x04,
    0x86, 0x04, 0x86, 0x02, 0x90, 0x03, 0x86, 0x02, 0x86, 0x03, 0x8f, 0x03,
    0x86, 0x0d, 0x2f, 0x02, 0x2c, 0x03, 0x2f, 0x03, 0x26, 0x03, 0x86, 0x04,
    0x86, 0x04, 0x86, 0x03, 0x8f, 0x03, 0x86, 0x03, 0x86, 0x03, 0x8e, 0x03,
    0x86, 0x0d, 0x2f, 0x02, 0x2c, 0x03, 0x2e, 0x04, 0x26, 0x03, 0x86, 0x04,
    0x86, 0x04, 0x86, 0x03, 0x8f, 0x03, 0x86, 0x03, 0x87, 0x03, 0x8c, 0x04,
    0x86, 0x0e, 0x2e, 0x02, 0x2b, 0x04, 0x2d, 0x05, 0x26, 0x03, 0x86, 0x04,
    0x86, 0x04, 0x86, 0x05, 0x8d, 0x03, 0x86, 0x04, 0x87, 0x03, 0x8b, 0x04,
    0x86, 0x0f, 0x26, 0x01, 0x23, 0x08, 0x26, 0x06, 0x2b, 0x1f, 0x11, 0x85,
    0x01, 0x84, 0x1a, 0x88, 0x1f, 0x1a, 0x26, 0x1f, 0x1f, 0x1f, 0x1f, 0x1e,
    0x26, 0x1f, 0x1f, 0x1f, 0x1f, 0x1e, 0x26, 0x1f, 0x1f, 0x1f, 0x1f, 0x1e,
    0x26, 0x1f, 0x1f, 0x1f, 0x1f, 0x1e, 0x26, 0x1f, 0x1f, 0x1f, 0x1f, 0x1e,
    0x26, 0x1f, 0x1f, 0x1f, 0x1f, 0x1e, 0x21, 0x1f, 0x1f, 0x1f, 0x1f, 0x1f,
    0x1f, 0x1f, 0x1f, 0x1f, 0x1f, 0x1f, 0x1f, 0x1f, 0x1f, 0x1f, 0x1f, 0x1f,
    0x1f, 0x1f, 0x1f, 0x1f, 0x1f, 0x07, 0x43, 0x1f, 0x1f, 0x1f, 0x1f, 0x18,
    0x42, 0x07, 0x43, 0x1f, 0x1f, 0x1f, 0x1f, 0x18, 0x43, 0x06, 0x43, 0x1f,
    0x1f, 0x1f, 0x1f, 0x05, 0x43, 0x10, 0x43, 0x06, 0x43, 0x1f, 0x1f, 0x1f,
    0x1f, 0x05, 0x43, 0x19, 0x43, 0x1f, 0x1f, 0x1a, 0x45, 0x02, 0x45, 0x03,
    0x47, 0x04, 0x44, 0x04, 0x4c, 0x02, 0x45, 0x07, 0x43, 0x02, 0x47, 0x03,
    0x44, 0x04, 0x45, 0x03, 0x45, 0x1f, 0x1f, 0x01, 0x46, 0x01, 0x47, 0x02,
    0x48, 0x02, 0x46, 0x02, 0x4d, 0x01, 0x47, 0x06, 0x43, 0x02, 0x47, 0x02,
    0x46, 0x01, 0x48, 0x01, 0x47, 0x1f, 0x1e, 0x43, 0x02, 0x41, 0x02, 0x42,
    0x03, 0x43, 0x01, 0x43, 0x02, 0x43, 0x01, 0x43, 0x02, 0x43, 0x01, 0x42,
    0x03, 0x41, 0x02, 0x43, 0x03, 0x42, 0x03, 0x42, 0x06, 0x43, 0x01, 0x43,
    0x02, 0x43, 0x01, 0x43, 0x02, 0x43, 0x01, 0x42, 0x02, 0x43, 0x01, 0x42,
    0x03, 0x41, 0x1f, 0x1f, 0x42, 0x05, 0x43, 0x03, 0x43, 0x01, 0x43, 0x02,
    0x43, 0x01, 0x4b, 0x06, 0x43, 0x05, 0x45, 0x06, 0x43, 0x01, 0x42, 0x03,
    0x43, 0x01, 0x48, 0x03, 0x45, 0x01, 0x45, 0x1f, 0x1f, 0x01, 0x42, 0x05,
    0x43, 0x03, 0x43, 0x01, 0x43, 0x02, 0x43, 0x01, 0x4b, 0x06, 0x43, 0x03,
    0x47, 0x06, 0x46, 0x03, 0x43, 0x01, 0x48, 0x01, 0x47, 0x02, 0x46, 0x1f,
    0x1e, 0x42, 0x05, 0x43, 0x03, 0x43, 0x01, 0x43, 0x02, 0x43, 0x01, 0x42,
    0x06, 0x43, 0x06, 0x43, 0x03, 0x43, 0x02, 0x42, 0x06, 0x43, 0x01, 0x42,
    0x03, 0x43, 0x01, 0x42, 0x06, 0x44, 0x01, 0x43, 0x05, 0x43, 0x1f, 0x1e,
    0x43, 0x02, 0x42, 0x01, 0x42, 0x02, 0x44, 0x01, 0x43, 0x02, 0x43, 0x01,
    0x43, 0x03, 0x41, 0x01, 0x44, 0x02, 0x41, 0x02, 0x43, 0x01, 0x44, 0x02,
    0x43, 0x06, 0x43, 0x01, 0x43, 0x02, 0x43, 0x01, 0x43, 0x03, 0x41, 0x01,
    0x43, 0x02, 0x43, 0x01, 0x42, 0x03, 0x42, 0x1f, 0x1e, 0x47, 0x01, 0x47,
    0x02, 0x43, 0x02, 0x43, 0x02, 0x47, 0x01, 0x47, 0x01, 0x4d, 0x06, 0x43,
    0x01, 0x48, 0x02, 0x57, 0x1f, 0x1f, 0x01, 0x44, 0x03, 0x45, 0x03, 0x43,
    0x02, 0x43, 0x03, 0x45, 0x03, 0x45, 0x03, 0x4c, 0x06, 0x43, 0x02, 0x47,
    0x03, 0x45, 0x02, 0x44, 0x01, 0x42, 0x02, 0x45, 0x1f, 0x1f, 0x1f, 0x1f,
    0x1f, 0x1f, 0x1f, 0x1f, 0x1f, 0x1f, 0x1f, 0x1f, 0x1f, 0x43, 0x17, 0x42,
    0x1f, 0x0f, 0x42, 0x0b, 0x43, 0x0f, 0x43, 0x1f, 0x15, 0x43, 0x17, 0x42,
    0x1f, 0x0f, 0x42, 0x02, 0x42, 0x07, 0x43, 0x0f, 0x43, 0x1f, 0x15, 0x43,
    0x17, 0x42, 0x1f, 0x0f, 0x42, 0x01, 0x44, 0x06, 0x43, 0x0f, 0x43, 0x1f,
    0x15, 0x43, 0x17, 0x42, 0x1f, 0x0f, 0x42, 0x02, 0x42, 0x07, 0x43, 0x0f,
    0x43, 0x1f, 0x15, 0x43, 0x17, 0x42, 0x1f, 0x0f, 0x42, 0x0b, 0x43, 0x0f,
    0x43, 0x1f, 0x15, 0x47, 0x04, 0x45, 0x02, 0x47, 0x01, 0x42, 0x03, 0x45,
    0x03, 0x46, 0x06, 0x46, 0x01, 0x45, 0x03, 0x45, 0x03, 0x42, 0x02, 0x42,
    0x03, 0x47, 0x02, 0x45, 0x04, 0x47, 0x1f, 0x15, 0x48, 0x01, 0x48, 0x01,
    0x47, 0x01, 0x42, 0x02, 0x47, 0x01, 0x47, 0x06, 0x45, 0x01, 0x47, 0x01,
    0x47, 0x02, 0x42, 0x02, 0x42, 0x02, 0x48, 0x01, 0x47, 0x02, 0x48, 0x1f,
    0x15, 0x43, 0x03, 0x42, 0x02, 0x41, 0x03, 0x43, 0x04, 0x43, 0x02, 0x42,
    0x02, 0x42, 0x02, 0x43, 0x01, 0x43, 0x02, 0x41, 0x07, 0x43, 0x02, 0x43,
    0x03, 0x42, 0x01, 0x42, 0x03, 0x42, 0x02, 0x42, 0x02, 0x42, 0x02, 0x43,
    0x02, 0x43, 0x02, 0x41, 0x03, 0x42, 0x02, 0x42, 0x03, 0x43, 0x1f, 0x15,
    0x43, 0x03, 0x42, 0x04, 0x45, 0x03, 0x43, 0x03, 0x42, 0x04, 0x45, 0x01,
    0x45, 0x08, 0x42, 0x03, 0x48, 0x03, 0x45, 0x02, 0x42, 0x02, 0x42, 0x01,
    0x43, 0x03, 0x43, 0x03, 0x45, 0x01, 0x43, 0x03, 0x43, 0x1f, 0x15, 0x43,
    0x03, 0x42, 0x02, 0x47, 0x03, 0x42, 0x04, 0x42, 0x02, 0x47, 0x02, 0x46,
    0x06, 0x42, 0x03, 0x48, 0x01, 0x47, 0x02, 0x42, 0x02, 0x42, 0x01, 0x43,
    0x03, 0x43, 0x01, 0x47, 0x01, 0x43, 0x03, 0x43, 0x1f, 0x15, 0x43, 0x03,
    0x42, 0x01, 0x44, 0x01, 0x43, 0x02, 0x43, 0x04, 0x42, 0x01, 0x44, 0x01,
    0x43, 0x05, 0x43, 0x06, 0x42, 0x03, 0x43, 0x06, 0x43, 0x02, 0x42, 0x02,
    0x42, 0x02, 0x42, 0x01, 0x43, 0x03, 0x43, 0x01, 0x43, 0x02, 0x42, 0x01,
    0x43, 0x03, 0x43, 0x1f, 0x15, 0x43, 0x03, 0x42, 0x01, 0x43, 0x02, 0x43,
    0x01, 0x43, 0x05, 0x42, 0x01, 0x43, 0x02, 0x43, 0x01, 0x42, 0x03, 0x42,
    0x06, 0x42, 0x03, 0x43, 0x03, 0x41, 0x01, 0x43, 0x02, 0x43, 0x02, 0x42,
    0x02, 0x42, 0x02, 0x43, 0x02, 0x43, 0x01, 0x42, 0x02, 0x43, 0x01, 0x43,
    0x03, 0x43, 0x1f, 0x15, 0x43, 0x03, 0x42, 0x01, 0x50, 0x01, 0x42, 0x01,
    0x48, 0x01, 0x47, 0x06, 0x42, 0x04, 0x47, 0x01, 0x47, 0x02, 0x42, 0x02,
    0x42, 0x02, 0x48, 0x01, 0x47, 0x02, 0x48, 0x1f, 0x15, 0x43, 0x03, 0x42,
    0x02, 0x4f, 0x01, 0x42, 0x02, 0x44, 0x01, 0x42, 0x02, 0x45, 0x07, 0x42,
    0x05, 0x45, 0x03, 0x46, 0x02, 0x42, 0x02, 0x42, 0x03, 0x47, 0x02, 0x46,
    0x03, 0x47, 0x1f, 0x1f, 0x1f, 0x1f, 0x1f, 0x1f, 0x1f, 0x1f, 0x1f, 0x1f,
    0x1f, 0x1f, 0x1f, 0x1f, 0x1f, 0x1f, 0x1f, 0x1f, 0x1f, 0x1f, 0x1f, 0x1f,
    0x1f, 0x1f, 0x1f, 0x1f, 0x1f, 0x1f, 0x1f, 0x1f, 0x1f, 0x1f, 0x1f, 0x1f,
    0x1f, 0x1f, 0x1f, 0x1f, 0x1f, 0x1f, 0x1f, 0x1f, 0x1f, 0x1f, 0x1f, 0x1f,
    0x1f, 0x1f, 0x1f, 0x1f, 0x1f, 0x1f, 0x1f, 0x1f, 0x1f, 0x1f, 0x1f, 0x08,
};
    
}

    // el array ocupa 5120 bytes (160x128 / 4 píxeles por byte) y paleta de colores
    // antes ocupaba 40960 bytes (160x128 x 2 bytes por píxel)
    // Cada byte: (ColorIndex << 5) | (Longitud & 0x1F)
    
 

/*
// array del logo (160x128 en formato RGB565)
inline constexpr uint16_t logo_aspimaker[] = {
    // 'logo completo color TFT 160x128
    0x0000, 0x0000, 0x0000, 0x0000, 0x0000, 0x0000, 0x0000, 0x0000, 0x0000, 0x0000, 0x0000, 0x0000, 0x0000, 0x0000, 0x0000, 0x0000,
    0x0000, 0x0000, 0x0000, 0x0000, 0x0000, 0x0000, 0x0000, 0x0000, 0x0000, 0x0000, 0x0000, 0x0000, 0x0000, 0x0000, 0x0000, 0x0000,
    0x0000, 0x0000, 0x0000, 0x0000, 0x0000, 0x0000, 0x0000, 0x0000, 0x0000, 0x0000, 0x0000, 0x0000, 0x0000, 0x0000, 0x0000, 0x0000,
    0x0000, 0x0000, 0x0000, 0x0000, 0x0000, 0x0000, 0x0000, 0x0000, 0x0000, 0x0000, 0x0000, 0x0000, 0x0000, 0x0000, 0x0000, 0x0000,
    0x0000, 0x0000, 0x0000, 0x0000, 0x0000, 0x0000, 0x0000, 0x0000, 0x0000, 0x0000, 0x0000, 0x0000, 0x0000, 0x0000, 0x0000, 0x0000,
    0x0000, 0x0000, 0x0000, 0x0000, 0x0000, 0x0000, 0x0000, 0x0000, 0x0000, 0x0000, 0x0000, 0x0000, 0x0000, 0x0000, 0x0000, 0x0000,
    0x0000, 0x0000, 0x0000, 0x0000, 0x0000, 0x0000, 0x0000, 0x0000, 0x0000, 0x0000, 0x0000, 0x0000, 0x0000, 0x0000, 0x0000, 0x0000,
    0x0000, 0x0000, 0x0000, 0x0000, 0x0000, 0x0000, 0x0000, 0x0000, 0x0000, 0x0000, 0x0000, 0x0000, 0x0000, 0x0000, 0x0000, 0x0000,
    0x0000, 0x0000, 0x0000, 0x0000, 0x0000, 0x0000, 0x0000, 0x0000, 0x0000, 0x0000, 0x0000, 0x0000, 0x0000, 0x0000, 0x0000, 0x0000,
    0x0000, 0x0000, 0x0000, 0x0000, 0x0000, 0x0000, 0x0000, 0x0000, 0x0000, 0x0000, 0x0000, 0x0000, 0x0000, 0x0000, 0x0000, 0x0000,
    0x0000, 0x0000, 0x0000, 0x0000, 0x0000, 0x0000, 0x0000, 0x0000, 0x0000, 0x0000, 0x0000, 0x0000, 0x0000, 0x0000, 0x0000, 0x0000,
    0x0000, 0x0000, 0x0000, 0x0000, 0x0000, 0x0000, 0x0000, 0x0000, 0x0000, 0x0000, 0x0000, 0x0000, 0x0000, 0x0000, 0x0000, 0x0000,
    0x0000, 0x0000, 0x0000, 0x0000, 0x0000, 0x0000, 0x0000, 0x0000, 0x0000, 0x0000, 0x0000, 0x0000, 0x0000, 0x0000, 0x0000, 0x0000,
    0x0000, 0x0000, 0x0000, 0x0000, 0x0000, 0x0000, 0x0000, 0x0000, 0x0000, 0x0000, 0x0000, 0x0000, 0x0000, 0x0000, 0x0000, 0x0000,
    0x0000, 0x0000, 0x0000, 0x0000, 0x0000, 0x0000, 0x0000, 0x0000, 0x0000, 0x0000, 0x0000, 0x0000, 0x0000, 0x0000, 0x0000, 0x0000,
    0x0000, 0x0000, 0x0000, 0x0000, 0x0000, 0x0000, 0x0000, 0x0000, 0x0000, 0x0000, 0x0000, 0x0000, 0x0000, 0x0000, 0x0000, 0x0000,
    0x0000, 0x0000, 0x0000, 0x0000, 0x0000, 0x0000, 0x0000, 0x0000, 0x0000, 0x0000, 0x0000, 0x0000, 0x0000, 0x0000, 0x0000, 0x0000,
    0x0000, 0x0000, 0x0000, 0x0000, 0x0000, 0x0000, 0x0000, 0x0000, 0x0000, 0x0000, 0x0000, 0x0000, 0x0000, 0x0000, 0x0000, 0x0000,
    0x0000, 0x0000, 0x0000, 0x0000, 0x0000, 0x0000, 0x0000, 0x0000, 0x0000, 0x0000, 0x0000, 0x0000, 0x0000, 0x0000, 0x0000, 0x0000,
    0x0000, 0x0000, 0x0000, 0x0000, 0x0000, 0x0000, 0x0000, 0x0000, 0x0000, 0x0000, 0x0000, 0x0000, 0x0000, 0x0000, 0x0000, 0x0000,
    0x0000, 0x0000, 0x0000, 0x0000, 0x0000, 0x0000, 0x0000, 0x0000, 0x0000, 0x0000, 0x0000, 0x0000, 0x0000, 0x0000, 0x0000, 0x0000,
    0x0000, 0x0000, 0x0000, 0x0000, 0x0000, 0x0000, 0x0000, 0x0000, 0x0000, 0x0000, 0x0000, 0x0000, 0x0000, 0x0000, 0x0000, 0x0000,
    0x0000, 0x0000, 0x0000, 0x0000, 0x0000, 0x0000, 0x0000, 0x0000, 0x0000, 0x0000, 0x0000, 0x0000, 0x0000, 0x0000, 0x0000, 0x0000,
    0x0000, 0x0000, 0x0000, 0x0000, 0x0000, 0x0000, 0x0000, 0x0000, 0x0000, 0x0000, 0x0000, 0x0000, 0x0000, 0x0000, 0x0000, 0x0000,
    0x0000, 0x0000, 0x0000, 0x0000, 0x0000, 0x0000, 0x0000, 0x0000, 0x0000, 0x0000, 0x0000, 0x0000, 0x0000, 0x0000, 0x0000, 0x0000,
    0x0000, 0x0000, 0x0000, 0x0000, 0x0000, 0x0000, 0x0000, 0x0000, 0x0000, 0x0000, 0x0000, 0x0000, 0x0000, 0x0000, 0x0000, 0x0000,
    0x0000, 0x0000, 0x0000, 0x0000, 0x0000, 0x0000, 0x0000, 0x0000, 0x0000, 0x0000, 0x0000, 0x0000, 0x0000, 0x0000, 0x0000, 0x0000,
    0x0000, 0x0000, 0x0000, 0x0000, 0x0000, 0x0000, 0x0000, 0x0000, 0x0000, 0x0000, 0x0000, 0x0000, 0x0000, 0x0000, 0x0000, 0x0000,
    0x0000, 0x0000, 0x0000, 0x0000, 0x0000, 0x0000, 0x0000, 0x0000, 0x0000, 0x0000, 0x0000, 0x0000, 0x0000, 0x0000, 0x0000, 0x0000,
    0x0000, 0x0000, 0x0000, 0x0000, 0x0000, 0x0000, 0x0000, 0x0000, 0x0000, 0x0000, 0x0000, 0x0000, 0x0000, 0x0000, 0x0000, 0x0000,
    0x0000, 0x0000, 0x0000, 0x0000, 0x0000, 0x0000, 0x0000, 0x0000, 0x0000, 0x0000, 0x0000, 0x0000, 0x0000, 0x0000, 0x0000, 0x0000,
    0x0000, 0x0000, 0x0000, 0x0000, 0x0000, 0x0000, 0x0000, 0x0000, 0x0000, 0x0000, 0x0000, 0x0000, 0x0000, 0x0000, 0x0000, 0x0000,
    0x0000, 0x0000, 0x0000, 0x0000, 0x0000, 0x0000, 0x0000, 0x0000, 0x0000, 0x0000, 0x0000, 0x0000, 0x0000, 0x0000, 0x0000, 0x0000,
    0x0000, 0x0000, 0x0000, 0x0000, 0x0000, 0x0000, 0x0000, 0x0000, 0x0000, 0x0000, 0x0000, 0x0000, 0x0000, 0x0000, 0x0000, 0x0000,
    0x0000, 0x0000, 0x0000, 0x0000, 0x0000, 0x0000, 0x0000, 0x0000, 0x0000, 0x0000, 0x0000, 0x0000, 0x0000, 0x0000, 0x0000, 0x0000,
    0x0000, 0x0000, 0x0000, 0x0000, 0x0000, 0x0000, 0x0000, 0x0000, 0x0000, 0x0000, 0x0000, 0x0000, 0x0000, 0x0000, 0x0000, 0x0000,
    0x0000, 0x0000, 0x0000, 0x0000, 0x0000, 0x0000, 0x0000, 0x0000, 0x0000, 0x0000, 0x0000, 0x0000, 0x0000, 0x0000, 0x0000, 0x0000,
    0x0000, 0x0000, 0x0000, 0x0000, 0x0000, 0x0000, 0x0000, 0x0000, 0x0000, 0x0000, 0x0000, 0x0000, 0x0000, 0x0000, 0x0000, 0x0000,
    0x0000, 0x0000, 0x0000, 0x0000, 0x0000, 0x0000, 0x0000, 0x0000, 0x0000, 0x0000, 0x0000, 0x0000, 0x0000, 0x0000, 0x0000, 0x0000,
    0x0000, 0x0000, 0x0000, 0x0000, 0x0000, 0x0000, 0x0000, 0x0000, 0x0000, 0x0000, 0x0000, 0x0000, 0x0000, 0x0000, 0x0000, 0x0000,
    0x0000, 0x0000, 0x0000, 0x0000, 0x0000, 0x0000, 0x0000, 0x0000, 0x0000, 0x0000, 0x0000, 0x0000, 0x0000, 0x0000, 0x0000, 0x0000,
    0x0000, 0x0000, 0x0000, 0x0000, 0x0000, 0x0000, 0x0000, 0x0000, 0x0000, 0x0000, 0x0000, 0x0000, 0x0000, 0x0000, 0x0000, 0x0000,
    0x0000, 0x0000, 0x0000, 0x0000, 0x0000, 0x0000, 0x0000, 0x0000, 0x0000, 0x0000, 0x0000, 0x0000, 0x0000, 0x0000, 0x0000, 0x0000,
    0x0000, 0x0000, 0x0000, 0x0000, 0x0000, 0x0000, 0x0000, 0x0000, 0x0000, 0x0000, 0x0000, 0x0000, 0x0000, 0x0000, 0x0000, 0x0000,
    0x0000, 0x0000, 0x0000, 0x0000, 0x0000, 0x0000, 0x0000, 0x0000, 0x0000, 0x0000, 0x0000, 0x0000, 0x0000, 0x0000, 0x0000, 0x0000,
    0x0000, 0x0000, 0x0000, 0x0000, 0x0000, 0x0000, 0x0000, 0x0000, 0x0000, 0x0000, 0x0000, 0x0000, 0x0000, 0x0000, 0x0000, 0x0000,
    0x0000, 0x0000, 0x0000, 0x0000, 0x0000, 0x0000, 0x0000, 0x0000, 0x0000, 0x0000, 0x0000, 0x0000, 0x0000, 0x0000, 0x0000, 0x0000,
    0x0000, 0x0000, 0x0000, 0x0000, 0x0000, 0x0000, 0x0000, 0x0000, 0x0000, 0x0000, 0x0000, 0x0000, 0x0000, 0x0000, 0x0000, 0x0000,
    0x0000, 0x0000, 0x0000, 0x0000, 0x0000, 0x0000, 0x0000, 0x0000, 0x0000, 0x0000, 0x0000, 0x0000, 0x0000, 0x0000, 0x0000, 0x0000,
    0x0000, 0x0000, 0x0000, 0x0000, 0x0000, 0x0000, 0x0000, 0x0000, 0x0000, 0x0000, 0x0000, 0x0000, 0x0000, 0x0000, 0x0000, 0x0000,
    0x0000, 0x0000, 0x0000, 0x0000, 0x0000, 0x0000, 0x0000, 0x0000, 0x0000, 0x0000, 0x0000, 0x0000, 0x0000, 0x0000, 0x0000, 0x0000,
    0x0000, 0x0000, 0x0000, 0x0000, 0x0000, 0x0000, 0x0000, 0x0000, 0x0000, 0x0000, 0x0000, 0x0000, 0x0000, 0x0000, 0x0000, 0x0000,
    0x0000, 0x0000, 0x0000, 0x0000, 0x0000, 0x0000, 0x0000, 0x0000, 0x0000, 0x0000, 0x0000, 0x0000, 0x0000, 0x0000, 0x0000, 0x0000,
    0x0000, 0x0000, 0x0000, 0x0000, 0x0000, 0x0000, 0x0000, 0x0000, 0x0000, 0x0000, 0x0000, 0x0000, 0x0000, 0x0000, 0x0000, 0x0000,
    0x0000, 0x0000, 0x0000, 0x0000, 0x0000, 0x0000, 0x0000, 0x0000, 0x0000, 0x0000, 0x0000, 0x0000, 0x0000, 0x0000, 0x0000, 0x0000,
    0x0000, 0x0000, 0x0000, 0x0000, 0x0000, 0x0000, 0x0000, 0x0000, 0x0000, 0x0000, 0x0000, 0x0000, 0x0000, 0x0000, 0x0000, 0x0000,
    0x0000, 0x0000, 0x0000, 0x0000, 0x0000, 0x0000, 0x0000, 0x0000, 0x0000, 0x0000, 0x0000, 0x0000, 0x0000, 0x0000, 0x0000, 0x0000,
    0x0000, 0x0000, 0x0000, 0x0000, 0x0000, 0x0000, 0x0000, 0x0000, 0x0000, 0x0000, 0x0000, 0x0000, 0x0000, 0x0000, 0x0000, 0x0000,
    0x0000, 0x0000, 0x0000, 0x0000, 0x0000, 0x0000, 0x0000, 0x0000, 0x0000, 0x0000, 0x0000, 0x0000, 0x0000, 0x0000, 0x0000, 0x0000,
    0x0000, 0x0000, 0x0000, 0x0000, 0x0000, 0x0000, 0x0000, 0x0000, 0x0000, 0x0000, 0x0000, 0x0000, 0x0000, 0x0000, 0x0000, 0x0000,
    0x0000, 0x0000, 0x0000, 0x0000, 0x0000, 0x0000, 0x0000, 0x0000, 0x0000, 0x0000, 0x0000, 0x0000, 0x0000, 0x0000, 0x0000, 0x0000,
    0x0000, 0x0000, 0x0000, 0x0000, 0x0000, 0x0000, 0x0000, 0x0000, 0x0000, 0x0000, 0x0000, 0x0000, 0x0000, 0x0000, 0x0000, 0x0000,
    0x0000, 0x0000, 0x0000, 0x0000, 0x0000, 0x0000, 0x0000, 0x0000, 0x0000, 0x0000, 0x0000, 0x0000, 0x0000, 0x0000, 0x0000, 0x0000,
    0x0000, 0x0000, 0x0000, 0x0000, 0x0000, 0x0000, 0x0000, 0x0000, 0x0000, 0x0000, 0x0000, 0x0000, 0x0000, 0x0000, 0x0000, 0x0000,
    0x0000, 0x0000, 0x0000, 0x0000, 0x0000, 0x0000, 0x0000, 0x0000, 0x0000, 0x0000, 0x0000, 0x0000, 0x0000, 0x0000, 0x0000, 0x0000,
    0x0000, 0x0000, 0x0000, 0x0000, 0x0000, 0x0000, 0x0000, 0x0000, 0x0000, 0x0000, 0x0000, 0x0000, 0x0000, 0x0000, 0x0000, 0x0000,
    0x0000, 0x0000, 0x0000, 0x0000, 0x0000, 0x0000, 0x0000, 0x0000, 0x0000, 0x0000, 0x0000, 0x0000, 0x0000, 0x0000, 0x0000, 0x0000,
    0x0000, 0x0000, 0x0000, 0x0000, 0x0000, 0x0000, 0x0000, 0x0000, 0x0000, 0x0000, 0x0000, 0x0000, 0x0000, 0x0000, 0x0000, 0x0000,
    0x0000, 0x0000, 0x0000, 0x0000, 0x0000, 0x0000, 0x0000, 0x0000, 0x0000, 0x0000, 0x0000, 0x0000, 0x0000, 0x0000, 0x0000, 0x0000,
    0x0000, 0x0000, 0x0000, 0x0000, 0x0000, 0x0000, 0x0000, 0x0000, 0x0000, 0x0000, 0x0000, 0x0000, 0x0000, 0x0000, 0x0000, 0x0000,
    0x0000, 0x0000, 0x0000, 0x0000, 0x0000, 0x0000, 0x0000, 0x0000, 0x0000, 0x0000, 0x0000, 0x0000, 0x0000, 0x0000, 0x0000, 0x0000,
    0x0000, 0x0000, 0x0000, 0x0000, 0x0000, 0x0000, 0x0000, 0x0000, 0x0000, 0x0000, 0x0000, 0x0000, 0x0000, 0x0000, 0x0000, 0x0000,
    0x0000, 0x0000, 0x0000, 0x0000, 0x0000, 0x0000, 0x0000, 0x0000, 0x0000, 0x0000, 0x0000, 0x0000, 0x0000, 0x0000, 0x0000, 0x0000,
    0x0000, 0x0000, 0x0000, 0x0000, 0x0000, 0x0000, 0x0000, 0x0000, 0x0000, 0x0000, 0x0000, 0x0000, 0x0000, 0x0000, 0x0000, 0x0000,
    0x0000, 0x0000, 0x0000, 0x0000, 0x0000, 0x0000, 0x0000, 0x0000, 0x0000, 0x0000, 0x0000, 0x0000, 0x0000, 0x0000, 0x0000, 0x0000,
    0x0000, 0x0000, 0x0000, 0x0000, 0x0000, 0x0000, 0x0000, 0x0000, 0x0000, 0x0000, 0x0000, 0x0000, 0x0000, 0x0000, 0x0000, 0x0000,
    0x0000, 0x0000, 0x0000, 0x0000, 0x0000, 0x0000, 0x0000, 0x0000, 0x0000, 0x0000, 0x0000, 0x0000, 0x0000, 0x0000, 0x0000, 0x0000,
    0x0000, 0x0000, 0x0000, 0x0000, 0x0000, 0x0000, 0x0000, 0x0000, 0x0000, 0x0000, 0x0000, 0x0000, 0x0000, 0x0000, 0x0000, 0x0000,
    0x0000, 0x0000, 0x0000, 0x0000, 0x0000, 0x0000, 0x0000, 0x0000, 0x0000, 0x0000, 0x0000, 0x0000, 0x0000, 0x0000, 0x0000, 0x0000,
    0x0000, 0x0000, 0x0000, 0x0000, 0x0000, 0x0000, 0x0000, 0x0000, 0x0000, 0x0000, 0x0000, 0x0000, 0x0000, 0x0000, 0x0000, 0x0000,
    0x0000, 0x0000, 0x0000, 0x0000, 0x0000, 0x0000, 0x0000, 0x0000, 0x0000, 0x0000, 0x0000, 0x0000, 0x0000, 0x0000, 0x0000, 0x0000,
    0x0000, 0x0000, 0x0000, 0x0000, 0x0000, 0x0000, 0x0000, 0x0000, 0x0000, 0x0000, 0x0000, 0x0000, 0x0000, 0x0000, 0x0000, 0x0000,
    0x0000, 0x0000, 0x0000, 0x0000, 0x0000, 0x0000, 0x0000, 0x0000, 0x0000, 0x0000, 0x0000, 0x0000, 0x0000, 0x0000, 0x0000, 0x0000,
    0x0000, 0x0000, 0x0000, 0x0000, 0x0000, 0x0000, 0x0000, 0x0000, 0x0000, 0x0000, 0x0000, 0x0000, 0x0000, 0x0000, 0x0000, 0x0000,
    0x0000, 0x0000, 0x0000, 0x0000, 0x0000, 0x0000, 0x0000, 0x0000, 0x0000, 0x0000, 0x0000, 0x0000, 0x0000, 0x0000, 0x0000, 0x0000,
    0x0000, 0x0000, 0x0000, 0x0000, 0x0000, 0x0000, 0x0000, 0x0000, 0x0000, 0x0000, 0x0000, 0x0000, 0x0000, 0x0000, 0x0000, 0x0000,
    0x0000, 0x0000, 0x0000, 0x0000, 0x0000, 0x0000, 0x0000, 0x0000, 0x0000, 0x0000, 0x0000, 0x0000, 0x0000, 0x0000, 0x0000, 0x0000,
    0x0000, 0x0000, 0x0000, 0x0000, 0x0000, 0x0000, 0x0000, 0x0000, 0x0000, 0x0000, 0x0000, 0x0000, 0x0000, 0x0000, 0x0000, 0x0000,
    0x0000, 0x0000, 0x0000, 0x0000, 0x0000, 0x0000, 0x0000, 0x0000, 0x0000, 0x0000, 0x0000, 0x0000, 0x0000, 0x0000, 0x0000, 0x0000,
    0x0000, 0x0000, 0x0000, 0x0000, 0x0000, 0x0000, 0x0000, 0x0000, 0x0000, 0x0000, 0x0000, 0x0000, 0x0000, 0x0000, 0x0000, 0x0000,
    0x0000, 0x0000, 0x0000, 0x0000, 0x0000, 0x0000, 0x0000, 0x0000, 0x0000, 0x0000, 0x0000, 0x0000, 0x0000, 0x0000, 0x0000, 0x0000,
    0x0000, 0x0000, 0x0000, 0x0000, 0x0000, 0x0000, 0x0000, 0x0000, 0x0000, 0x0000, 0x0000, 0x0000, 0x0000, 0x0000, 0x0000, 0x0000,
    0x0000, 0x0000, 0x0000, 0x0000, 0x0000, 0x0000, 0x0000, 0x0000, 0x0000, 0x0000, 0x0000, 0x0000, 0x0000, 0x0000, 0x0000, 0x0000,
    0x0000, 0x0000, 0x0000, 0x0000, 0x0000, 0x0000, 0x0000, 0x0000, 0x0000, 0x0000, 0x0000, 0x0000, 0x0000, 0x0000, 0x0000, 0x0000,
    0x0000, 0x0000, 0x0000, 0x0000, 0x0000, 0x0000, 0x0000, 0x0000, 0x0000, 0x0000, 0x0000, 0x0000, 0x0000, 0x0000, 0x0000, 0x0000,
    0x0000, 0x0000, 0x0000, 0x0000, 0x0000, 0x0000, 0x0000, 0x0000, 0x0000, 0x0000, 0x0000, 0x0000, 0x0000, 0x0000, 0x0000, 0x0000,
    0x0000, 0x0000, 0x0000, 0x0000, 0x0000, 0x0000, 0x0000, 0x0000, 0x0000, 0x0000, 0x0000, 0x0000, 0x0000, 0x0000, 0x0000, 0x0000,
    0x0000, 0x0000, 0x0000, 0x0000, 0x0000, 0x0000, 0x0000, 0x0000, 0x0000, 0x0000, 0x0000, 0x0000, 0x0000, 0x0000, 0x0000, 0x0000,
    0x0000, 0x0000, 0x0000, 0x0000, 0x0000, 0x0000, 0x0000, 0x0000, 0x0000, 0x0000, 0x0000, 0x0000, 0x0000, 0x0000, 0x0000, 0x0000,
    0x0000, 0x0000, 0x0000, 0x0000, 0x0000, 0x0000, 0x0000, 0x0000, 0x0000, 0x0000, 0x0000, 0x0000, 0x0000, 0x0000, 0x0000, 0x0000,
    0x0000, 0x0000, 0x0000, 0x0000, 0x0000, 0x0000, 0x0000, 0x0000, 0x0000, 0x0000, 0x0000, 0x0000, 0x0000, 0x0000, 0x0000, 0x0000,
    0x0000, 0x0000, 0x0000, 0x0000, 0x0000, 0x0000, 0x0000, 0x0000, 0x0000, 0x0000, 0x0000, 0x0000, 0x0000, 0x0000, 0x0000, 0x0000,
    0x0000, 0x0000, 0x0000, 0x0000, 0x0000, 0x0000, 0x0000, 0x0000, 0x0000, 0x0000, 0x0000, 0x0000, 0x0000, 0x0000, 0x0000, 0x0000,
    0x0000, 0x0000, 0x0000, 0x0000, 0x0000, 0x0000, 0x0000, 0x0000, 0x0000, 0x0000, 0x0000, 0x0000, 0x0000, 0x0000, 0x0000, 0x0000,
    0x0000, 0x0000, 0x0000, 0x0000, 0x0000, 0x0000, 0x0000, 0x0000, 0x0000, 0x0000, 0x0000, 0x0000, 0x0000, 0x0000, 0x0000, 0x0000,
    0x0000, 0x0000, 0x0000, 0x0000, 0x0000, 0x0000, 0x0000, 0x0000, 0x0000, 0x0000, 0x0000, 0x0000, 0x0000, 0x0000, 0x0000, 0x0000,
    0x0000, 0x0000, 0x0000, 0x0000, 0x0000, 0x0000, 0x0000, 0x0000, 0x0000, 0x0000, 0x0000, 0x0000, 0x0000, 0x0000, 0x0000, 0x0000,
    0x0000, 0x0000, 0x0000, 0x0000, 0x0000, 0x0000, 0x0000, 0x0000, 0x0000, 0x0000, 0x0000, 0x0000, 0x0000, 0x0000, 0x0000, 0x0000,
    0x0000, 0x0000, 0x0000, 0x0000, 0x0000, 0x0000, 0x0000, 0x0000, 0x0000, 0x0000, 0x0000, 0x0000, 0x0000, 0x0000, 0x0000, 0x0000,
    0x0000, 0x0000, 0x0000, 0x0000, 0x0000, 0x0000, 0x0000, 0x0000, 0x0000, 0x0000, 0x0000, 0x0000, 0x0000, 0x0000, 0x0000, 0x0000,
    0x0000, 0x0000, 0x0000, 0x0000, 0x0000, 0x0000, 0x0000, 0x0000, 0x0000, 0x0000, 0x0000, 0x0000, 0x0000, 0x0000, 0x0000, 0x0000,
    0x0000, 0x0000, 0x0000, 0x0000, 0x0000, 0x0000, 0x0000, 0x0000, 0x0000, 0x0000, 0x0000, 0x0000, 0x0000, 0x0000, 0x0000, 0x0000,
    0x0000, 0x0000, 0x0000, 0x0000, 0x0000, 0x0000, 0x0000, 0x0000, 0x0000, 0x0000, 0x0000, 0x0000, 0x0000, 0x0000, 0x0000, 0x0000,
    0x0000, 0x0000, 0x0000, 0x0000, 0x0000, 0x0000, 0x0000, 0x0000, 0x0000, 0x0000, 0x0000, 0x0000, 0x0000, 0x0000, 0x0000, 0x0000,
    0x0000, 0x0000, 0x0000, 0x0000, 0x0000, 0x0000, 0x0000, 0x0000, 0x0000, 0x0000, 0x0000, 0x0000, 0x0000, 0x0000, 0x0000, 0x0000,
    0x0000, 0x0000, 0x0000, 0x0000, 0x0000, 0x0000, 0x0000, 0x0000, 0x0000, 0x0000, 0x0000, 0x0000, 0xaa50, 0xaa50, 0xaa50, 0x0000,
    0x0000, 0x0000, 0x0000, 0xaa50, 0xaa50, 0xaa50, 0xaa50, 0x0000, 0x0000, 0x0000, 0x0000, 0x0000, 0x0000, 0x0000, 0x0000, 0x0000,
    0x0000, 0x0000, 0x0000, 0x0000, 0x0000, 0x0000, 0x0000, 0x0000, 0x0000, 0x0000, 0x0000, 0x0000, 0x0000, 0x0000, 0x0000, 0x0000,
    0x0000, 0x0000, 0x0000, 0x0000, 0x0000, 0x0000, 0x0000, 0x0000, 0x0000, 0x0000, 0x0000, 0x0000, 0x0000, 0x0000, 0x0000, 0x0000,
    0x0000, 0x0000, 0x0000, 0x0000, 0x0000, 0x0000, 0x0000, 0x0000, 0x0000, 0x0000, 0x0000, 0x0000, 0x0000, 0x0000, 0x0000, 0x0000,
    0x0000, 0x0000, 0x0000, 0x0000, 0x0000, 0x0000, 0x0000, 0x0000, 0x0000, 0x0000, 0x0000, 0x0000, 0x0000, 0x0000, 0x0000, 0x0000,
    0x0000, 0x0000, 0x0000, 0x0000, 0x0000, 0x0000, 0x0000, 0x0000, 0x0000, 0x0000, 0x0000, 0x0000, 0x0000, 0x0000, 0x0000, 0x0000,
    0x0000, 0x0000, 0x0000, 0x0000, 0x0000, 0x0000, 0x0000, 0x0000, 0x0000, 0x0000, 0x0000, 0x0000, 0x0000, 0x0000, 0x0000, 0x0000,
    0x0000, 0x0000, 0x0000, 0x0000, 0x0000, 0x0000, 0x0000, 0x0000, 0x0000, 0x0000, 0x0000, 0x0000, 0x0000, 0x0000, 0x0000, 0x0000,
    0x0000, 0x0000, 0x0000, 0x0000, 0x0000, 0x0000, 0x0000, 0x0000, 0x0000, 0x0000, 0x0000, 0x0000, 0x0000, 0x0000, 0x0000, 0x0000,
    0x0000, 0x0000, 0x0000, 0x0000, 0x0000, 0x0000, 0x0000, 0x0000, 0x0000, 0x0000, 0x0000, 0xaa50, 0xaa50, 0xaa50, 0xaa50, 0x0000,
    0x0000, 0x0000, 0x0000, 0xaa50, 0xaa50, 0xaa50, 0xaa50, 0x0000, 0x0000, 0x0000, 0x0000, 0x0000, 0x0000, 0x0000, 0x0000, 0x0000,
    0x0000, 0x0000, 0x0000, 0x0000, 0x0000, 0x0000, 0x0000, 0x0000, 0x0000, 0x0000, 0x0000, 0x0000, 0x0000, 0x0000, 0x0000, 0x0000,
    0x0000, 0x0000, 0x0000, 0x0000, 0x0000, 0x0000, 0x0000, 0x0000, 0x0000, 0x0000, 0x0000, 0x0000, 0x0000, 0x0000, 0x0000, 0x0000,
    0x0000, 0x0000, 0x0000, 0x0000, 0x0000, 0x0000, 0x0000, 0x0000, 0x0000, 0x0000, 0x0000, 0x0000, 0x0000, 0x0000, 0x0000, 0x0000,
    0x0000, 0x0000, 0x0000, 0x0000, 0x0000, 0x0000, 0x0000, 0x0000, 0x0000, 0x0000, 0x0000, 0x0000, 0x0000, 0x0000, 0x0000, 0x0000,
    0x0000, 0x0000, 0x0000, 0x0000, 0x0000, 0x0000, 0x0000, 0x0000, 0x0000, 0x0000, 0x0000, 0x0000, 0x0000, 0x0000, 0x0000, 0x0000,
    0x0000, 0x0000, 0x0000, 0x0000, 0x0000, 0x0000, 0x0000, 0x0000, 0x0000, 0x0000, 0x0000, 0x0000, 0x0000, 0x0000, 0x0000, 0x0000,
    0x0000, 0x0000, 0x0000, 0x0000, 0x0000, 0x0000, 0x0000, 0x0000, 0x0000, 0x0000, 0x0000, 0x0000, 0x0000, 0x0000, 0x0000, 0x0000,
    0x0000, 0x0000, 0x0000, 0x0000, 0x0000, 0x0000, 0x0000, 0x0000, 0x0000, 0x0000, 0x0000, 0x0000, 0x0000, 0x0000, 0x0000, 0x0000,
    0x0000, 0x0000, 0x0000, 0x0000, 0x0000, 0x0000, 0x0000, 0x0000, 0x0000, 0x0000, 0x0000, 0xaa50, 0xaa50, 0xaa50, 0xaa50, 0x0000,
    0x0000, 0x0000, 0x0000, 0xaa50, 0xaa50, 0xaa50, 0xaa50, 0xaa50, 0x0000, 0x0000, 0x0000, 0x0000, 0x0000, 0x0000, 0x0000, 0x0000,
    0x0000, 0x0000, 0x0000, 0x0000, 0x0000, 0x0000, 0x0000, 0x0000, 0x0000, 0x0000, 0x0000, 0x0000, 0x0000, 0x0000, 0x0000, 0x0000,
    0x0000, 0x0000, 0x0000, 0x0000, 0x0000, 0x0000, 0x0000, 0x0000, 0x0000, 0x0000, 0x0000, 0x0000, 0x0000, 0x0000, 0x0000, 0x0000,
    0x0000, 0x0000, 0x0000, 0x0000, 0x0000, 0x0000, 0x0000, 0x0000, 0x0000, 0x0000, 0x0000, 0x0000, 0x0000, 0x0000, 0x0000, 0x0000,
    0x0000, 0x0000, 0x0000, 0x0000, 0x0000, 0x0000, 0x0000, 0x0000, 0x0000, 0x0000, 0x0000, 0x0000, 0x0000, 0x0000, 0x0000, 0x0000,
    0x0000, 0x0000, 0x0000, 0x0000, 0x0000, 0x0000, 0x0000, 0x0000, 0x0000, 0x0000, 0x0000, 0x0000, 0x0000, 0x0000, 0x0000, 0x0000,
    0x0000, 0x0000, 0x0000, 0x0000, 0x0000, 0x0000, 0x0000, 0x0000, 0x0000, 0x0000, 0x0000, 0x0000, 0x0000, 0x0000, 0x0000, 0x0000,
    0x0000, 0x0000, 0x0000, 0x0000, 0x0000, 0x0000, 0x0000, 0x0000, 0x0000, 0x0000, 0x0000, 0x0000, 0x0000, 0x0000, 0x0000, 0x0000,
    0x0000, 0x0000, 0x0000, 0x0000, 0x0000, 0x0000, 0x0000, 0x0000, 0x0000, 0x0000, 0x0000, 0x0000, 0x0000, 0x0000, 0x0000, 0x0000,
    0x0000, 0x0000, 0x0000, 0x0000, 0x0000, 0x0000, 0x0000, 0x0000, 0x0000, 0x0000, 0x0000, 0xaa50, 0xaa50, 0xaa50, 0x0000, 0x0000,
    0x0000, 0x0000, 0x0000, 0x0000, 0x0000, 0xaa50, 0xaa50, 0xaa50, 0x0000, 0x0000, 0x0000, 0x0000, 0x0000, 0x0000, 0x0000, 0x0000,
    0x0000, 0x0000, 0x0000, 0x0000, 0x0000, 0x0000, 0x0000, 0x0000, 0x0000, 0x0000, 0x0000, 0x0000, 0x0000, 0x0000, 0x0000, 0x0000,
    0x0000, 0x0000, 0x0000, 0x0000, 0x0000, 0x0000, 0x0000, 0x0000, 0x0000, 0x0000, 0x0000, 0x0000, 0x0000, 0x0000, 0x0000, 0x0000,
    0x0000, 0x0000, 0x0000, 0x0000, 0x0000, 0x0000, 0x0000, 0x0000, 0x0000, 0x0000, 0x0000, 0x0000, 0x0000, 0x0000, 0x0000, 0x0000,
    0x0000, 0x0000, 0x0000, 0x0000, 0x0000, 0x0000, 0x0000, 0x0000, 0x0000, 0x0000, 0x0000, 0x0000, 0x0000, 0x0000, 0x0000, 0x0000,
    0x0000, 0x0000, 0x0000, 0x0000, 0x0000, 0x0000, 0x0000, 0x0000, 0x0000, 0x0000, 0x0000, 0x0000, 0x0000, 0x0000, 0x0000, 0x0000,
    0x0000, 0x0000, 0x0000, 0x0000, 0x0000, 0x0000, 0x0000, 0x0000, 0x0000, 0x0000, 0x0000, 0x0000, 0x0000, 0x0000, 0x0000, 0x0000,
    0x0000, 0x0000, 0x0000, 0x0000, 0x0000, 0x0000, 0x0000, 0x0000, 0x0000, 0x0000, 0x0000, 0x0000, 0x0000, 0x0000, 0x0000, 0x0000,
    0x0000, 0x0000, 0x0000, 0x0000, 0x0000, 0x0000, 0x0000, 0x0000, 0x0000, 0x0000, 0x0000, 0x0000, 0x0000, 0x0000, 0x0000, 0x0000,
    0x0000, 0x0000, 0x0000, 0x0000, 0x0000, 0x0000, 0x0000, 0x0000, 0x0000, 0x0000, 0x0000, 0xaa50, 0xaa50, 0xaa50, 0x0000, 0x0000,
    0x0000, 0x0000, 0x0000, 0x0000, 0x0000, 0xaa50, 0xaa50, 0xaa50, 0x0000, 0x0000, 0x0000, 0x0000, 0x0000, 0x0000, 0x0000, 0x0000,
    0x0000, 0x0000, 0x0000, 0x0000, 0x0000, 0x0000, 0x0000, 0x0000, 0x0000, 0x0000, 0x0000, 0x0000, 0x0000, 0x0000, 0x0000, 0x0000,
    0x0000, 0x0000, 0x0000, 0x0000, 0x0000, 0x0000, 0x0000, 0x0000, 0x0000, 0x0000, 0x0000, 0x0000, 0x0000, 0x0000, 0x0000, 0x0000,
    0x0000, 0x0000, 0x0000, 0x0000, 0x0000, 0x0000, 0x0000, 0x0000, 0x0000, 0x0000, 0x0000, 0x0000, 0x0000, 0x0000, 0x0000, 0x0000,
    0x0000, 0x0000, 0x0000, 0x0000, 0x0000, 0x0000, 0x0000, 0x0000, 0x0000, 0x0000, 0x0000, 0x0000, 0x0000, 0x0000, 0x0000, 0x0000,
    0x0000, 0x0000, 0x0000, 0x0000, 0x0000, 0x0000, 0x0000, 0x0000, 0x0000, 0x0000, 0x0000, 0x0000, 0x0000, 0x0000, 0x0000, 0x0000,
    0x0000, 0x0000, 0x0000, 0x0000, 0x0000, 0x0000, 0x0000, 0x0000, 0x0000, 0x0000, 0x0000, 0x0000, 0x0000, 0x0000, 0x0000, 0x0000,
    0x0000, 0x1bc6, 0x1bc6, 0x1bc6, 0x1bc6, 0x1bc6, 0x1bc6, 0x1bc6, 0x1bc6, 0x1bc6, 0x1bc6, 0x1bc6, 0x1bc6, 0x1bc6, 0x1bc6, 0x1bc6,
    0x1bc6, 0x1bc6, 0x1bc6, 0x1bc6, 0x1bc6, 0x1bc6, 0x1bc6, 0x1bc6, 0x1bc6, 0x1bc6, 0x1bc6, 0x1bc6, 0x1bc6, 0x1bc6, 0x1bc6, 0x1bc6,
    0x1bc6, 0x1bc6, 0x1bc6, 0x1bc6, 0x1bc6, 0x1bc6, 0x1bc6, 0x1bc6, 0x1bc6, 0x0000, 0x0000, 0xaa50, 0xaa50, 0xaa50, 0x0000, 0x0000,
    0x0000, 0x0000, 0x0000, 0x0000, 0x0000, 0xaa50, 0xaa50, 0xaa50, 0x0000, 0x0000, 0x0000, 0x0000, 0x0000, 0x0000, 0x0000, 0x0000,
    0x0000, 0x0000, 0x0000, 0x0000, 0x0000, 0x0000, 0x0000, 0x0000, 0x0000, 0x0000, 0x0000, 0x0000, 0x0000, 0x0000, 0x0000, 0x0000,
    0x0000, 0x0000, 0x0000, 0x0000, 0x0000, 0x0000, 0x0000, 0x0000, 0x0000, 0x0000, 0x0000, 0x0000, 0x0000, 0x0000, 0x0000, 0x0000,
    0x0000, 0x0000, 0x0000, 0x0000, 0x0000, 0x0000, 0x0000, 0x0000, 0x0000, 0x0000, 0x0000, 0x0000, 0x0000, 0x0000, 0x0000, 0x0000,
    0x0000, 0x0000, 0x0000, 0x0000, 0x0000, 0x0000, 0x0000, 0x0000, 0x0000, 0x0000, 0x0000, 0x0000, 0x0000, 0x0000, 0x0000, 0x0000,
    0x0000, 0x0000, 0x0000, 0x0000, 0x0000, 0x0000, 0x0000, 0x0000, 0x0000, 0x0000, 0x0000, 0x0000, 0x0000, 0x0000, 0x0000, 0x0000,
    0x0000, 0x0000, 0x0000, 0x0000, 0x0000, 0x0000, 0x0000, 0x0000, 0x0000, 0x0000, 0x0000, 0x0000, 0x0000, 0x0000, 0x0000, 0x0000,
    0x0000, 0x1bc6, 0x1bc6, 0x1bc6, 0x1bc6, 0x1bc6, 0x1bc6, 0x1bc6, 0x1bc6, 0x1bc6, 0x1bc6, 0x1bc6, 0x1bc6, 0x1bc6, 0x1bc6, 0x1bc6,
    0x1bc6, 0x1bc6, 0x1bc6, 0x1bc6, 0x1bc6, 0x1bc6, 0x1bc6, 0x1bc6, 0x1bc6, 0x1bc6, 0x1bc6, 0x1bc6, 0x1bc6, 0x1bc6, 0x1bc6, 0x1bc6,
    0x1bc6, 0x1bc6, 0x1bc6, 0x1bc6, 0x1bc6, 0x1bc6, 0x1bc6, 0x1bc6, 0x1bc6, 0xaa50, 0xaa50, 0xaa50, 0xaa50, 0x0000, 0x0000, 0x0000,
    0x0000, 0x0000, 0x0000, 0x0000, 0x0000, 0xaa50, 0xaa50, 0xaa50, 0xaa50, 0x0000, 0x0000, 0x0000, 0x0000, 0x0000, 0x0000, 0x0000,
    0x0000, 0x0000, 0x0000, 0x0000, 0x0000, 0x0000, 0x0000, 0x0000, 0x0000, 0x0000, 0x0000, 0x0000, 0x0000, 0x0000, 0x0000, 0x0000,
    0x0000, 0x0000, 0x0000, 0x0000, 0x0000, 0x0000, 0x0000, 0x0000, 0x0000, 0x0000, 0x0000, 0x0000, 0x0000, 0x0000, 0x0000, 0x0000,
    0x0000, 0x0000, 0x0000, 0x0000, 0x0000, 0x0000, 0x0000, 0x0000, 0x0000, 0x0000, 0x0000, 0x0000, 0x0000, 0x0000, 0x0000, 0x0000,
    0x0000, 0x0000, 0x0000, 0x0000, 0x0000, 0x0000, 0x0000, 0x0000, 0x0000, 0x0000, 0x0000, 0x0000, 0x0000, 0x0000, 0x0000, 0x0000,
    0x0000, 0x0000, 0x0000, 0x0000, 0x0000, 0x0000, 0x0000, 0x0000, 0x0000, 0x0000, 0x0000, 0x0000, 0x0000, 0x0000, 0x0000, 0x0000,
    0x0000, 0x0000, 0x0000, 0x0000, 0x0000, 0x0000, 0x0000, 0x0000, 0x0000, 0x0000, 0x0000, 0x0000, 0x0000, 0x0000, 0x0000, 0x0000,
    0x0000, 0x1bc6, 0x1bc6, 0x1bc6, 0x1bc6, 0x1bc6, 0x1bc6, 0x1bc6, 0x1bc6, 0x1bc6, 0x1bc6, 0x1bc6, 0x1bc6, 0x1bc6, 0x0000, 0x1bc6,
    0x1bc6, 0x1bc6, 0x1bc6, 0x1bc6, 0x0000, 0x0000, 0x1bc6, 0x1bc6, 0x1bc6, 0x1bc6, 0x1bc6, 0x1bc6, 0x1bc6, 0x1bc6, 0x1bc6, 0x1bc6,
    0x1bc6, 0x0000, 0x0000, 0x1bc6, 0x1bc6, 0x1bc6, 0x1bc6, 0x1bc6, 0x1bc6, 0xaa50, 0xaa50, 0xaa50, 0xaa50, 0x0000, 0x0000, 0x0000,
    0x0000, 0x0000, 0x0000, 0x0000, 0x0000, 0x0000, 0xaa50, 0xaa50, 0xaa50, 0x0000, 0x0000, 0x0000, 0x0000, 0x0000, 0x0000, 0x0000,
    0x0000, 0x0000, 0x0000, 0x0000, 0x0000, 0x0000, 0x0000, 0x0000, 0x0000, 0x0000, 0x0000, 0x0000, 0x0000, 0x0000, 0x0000, 0x0000,
    0x0000, 0x0000, 0x0000, 0x0000, 0x0000, 0x0000, 0x0000, 0x0000, 0x0000, 0x0000, 0x0000, 0x0000, 0x0000, 0x0000, 0x0000, 0x0000,
    0x0000, 0x0000, 0x0000, 0x0000, 0x0000, 0x0000, 0x0000, 0x0000, 0x0000, 0x0000, 0x0000, 0x0000, 0x0000, 0x0000, 0x0000, 0x0000,
    0x0000, 0x0000, 0x0000, 0x0000, 0x0000, 0x0000, 0x0000, 0x0000, 0x0000, 0x0000, 0x0000, 0x0000, 0x0000, 0x0000, 0x0000, 0x0000,
    0x0000, 0x0000, 0x0000, 0x0000, 0x0000, 0x0000, 0x0000, 0x0000, 0x0000, 0x0000, 0x0000, 0x0000, 0x0000, 0x0000, 0x0000, 0x0000,
    0x0000, 0x0000, 0x0000, 0x0000, 0x0000, 0x0000, 0x0000, 0x0000, 0x0000, 0x0000, 0x0000, 0x0000, 0x0000, 0x0000, 0x0000, 0x0000,
    0x0000, 0x1bc6, 0x1bc6, 0x1bc6, 0x1bc6, 0x1bc6, 0x1bc6, 0x1bc6, 0x1bc6, 0x1bc6, 0x1bc6, 0x1bc6, 0x1bc6, 0x1bc6, 0x0000, 0x1bc6,
    0x1bc6, 0x1bc6, 0x1bc6, 0x1bc6, 0x0000, 0x0000, 0x1bc6, 0x1bc6, 0x1bc6, 0x1bc6, 0x1bc6, 0x1bc6, 0x1bc6, 0x1bc6, 0x1bc6, 0x1bc6,
    0x1bc6, 0x0000, 0x0000, 0x1bc6, 0x1bc6, 0x1bc6, 0x1bc6, 0x1bc6, 0x1bc6, 0xaa50, 0xaa50, 0xaa50, 0xaa50, 0x0000, 0x0000, 0x0000,
    0x0000, 0x0000, 0x0000, 0x0000, 0x0000, 0xaa50, 0xaa50, 0xaa50, 0xaa50, 0x0000, 0x0000, 0x0000, 0x0000, 0x0000, 0x0000, 0x0000,
    0x0000, 0x0000, 0x0000, 0x0000, 0x0000, 0x0000, 0x0000, 0x0000, 0x0000, 0x0000, 0x0000, 0x0000, 0x0000, 0x0000, 0x0000, 0x0000,
    0x0000, 0x0000, 0x0000, 0x0000, 0x0000, 0x0000, 0x0000, 0x0000, 0x0000, 0x0000, 0x0000, 0x0000, 0x0000, 0x0000, 0x0000, 0x0000,
    0x0000, 0x0000, 0x0000, 0x0000, 0x0000, 0x0000, 0x0000, 0x0000, 0x0000, 0x0000, 0x0000, 0x0000, 0x0000, 0x0000, 0x0000, 0x0000,
    0x0000, 0x0000, 0x0000, 0x0000, 0x0000, 0x0000, 0x0000, 0x0000, 0x0000, 0x0000, 0x0000, 0x0000, 0x0000, 0x0000, 0x0000, 0x0000,
    0x0000, 0x0000, 0x0000, 0x0000, 0x0000, 0x0000, 0x0000, 0x0000, 0x0000, 0x0000, 0x0000, 0x0000, 0x0000, 0x0000, 0x0000, 0x0000,
    0x0000, 0x0000, 0x0000, 0x0000, 0x0000, 0x0000, 0x0000, 0x0000, 0x0000, 0x0000, 0x0000, 0x0000, 0x0000, 0x0000, 0x0000, 0x0000,
    0x0000, 0x1bc6, 0x1bc6, 0x1bc6, 0x1bc6, 0x1bc6, 0x1bc6, 0x1bc6, 0x1bc6, 0x1bc6, 0x1bc6, 0x1bc6, 0x1bc6, 0x1bc6, 0x0000, 0x1bc6,
    0x1bc6, 0x1bc6, 0x1bc6, 0x1bc6, 0x0000, 0x0000, 0x1bc6, 0x1bc6, 0x1bc6, 0x1bc6, 0x1bc6, 0x1bc6, 0x1bc6, 0x1bc6, 0x1bc6, 0x1bc6,
    0x1bc6, 0x0000, 0x0000, 0x1bc6, 0x1bc6, 0x1bc6, 0x1bc6, 0x1bc6, 0x1bc6, 0x0000, 0x0000, 0xaa50, 0xaa50, 0xaa50, 0x0000, 0x0000,
    0x0000, 0x0000, 0x0000, 0x0000, 0x0000, 0xaa50, 0xaa50, 0xaa50, 0x0000, 0x0000, 0x0000, 0x0000, 0x0000, 0x0000, 0x0000, 0x0000,
    0x0000, 0x0000, 0x0000, 0x0000, 0x0000, 0x0000, 0x0000, 0x0000, 0x0000, 0x0000, 0x0000, 0x0000, 0x0000, 0x0000, 0x0000, 0x0000,
    0x0000, 0x0000, 0x0000, 0x0000, 0x0000, 0x0000, 0x0000, 0x0000, 0x0000, 0x0000, 0x0000, 0x0000, 0x0000, 0x0000, 0x0000, 0x0000,
    0x0000, 0x0000, 0x0000, 0x0000, 0x0000, 0x0000, 0x0000, 0x0000, 0x0000, 0x0000, 0x0000, 0x0000, 0x0000, 0x0000, 0x0000, 0x0000,
    0x0000, 0x0000, 0x0000, 0x0000, 0x0000, 0x0000, 0x0000, 0x0000, 0x0000, 0x0000, 0x0000, 0x0000, 0x0000, 0x0000, 0x0000, 0x0000,
    0x0000, 0x0000, 0x0000, 0x0000, 0x0000, 0x0000, 0x0000, 0x0000, 0x0000, 0x0000, 0x0000, 0x0000, 0x0000, 0x0000, 0x0000, 0x0000,
    0x0000, 0x0000, 0x0000, 0x0000, 0x0000, 0x0000, 0x0000, 0x0000, 0x0000, 0x0000, 0x0000, 0x0000, 0x0000, 0x0000, 0x0000, 0x0000,
    0x0000, 0x1bc6, 0x1bc6, 0x1bc6, 0x1bc6, 0x1bc6, 0x1bc6, 0x1bc6, 0x1bc6, 0x1bc6, 0x1bc6, 0x1bc6, 0x1bc6, 0x1bc6, 0x0000, 0x1bc6,
    0x1bc6, 0x1bc6, 0x1bc6, 0x1bc6, 0x0000, 0x0000, 0x1bc6, 0x1bc6, 0x1bc6, 0x1bc6, 0x1bc6, 0x1bc6, 0x1bc6, 0x1bc6, 0x1bc6, 0x1bc6,
    0x1bc6, 0x0000, 0x0000, 0x1bc6, 0x1bc6, 0x1bc6, 0x1bc6, 0x1bc6, 0x1bc6, 0x0000, 0x0000, 0xaa50, 0xaa50, 0xaa50, 0x0000, 0x0000,
    0x0000, 0x0000, 0x0000, 0x0000, 0x0000, 0xaa50, 0xaa50, 0xaa50, 0x0000, 0x0000, 0x0000, 0x0000, 0x0000, 0x0000, 0x0000, 0x0000,
    0x0000, 0x0000, 0x0000, 0x0000, 0x0000, 0x0000, 0x0000, 0x0000, 0x0000, 0x0000, 0x0000, 0x0000, 0x0000, 0x0000, 0x0000, 0x0000,
    0x0000, 0x0000, 0x0000, 0x0000, 0x0000, 0x0000, 0x0000, 0x0000, 0x0000, 0x0000, 0x0000, 0x0000, 0x0000, 0x0000, 0x0000, 0x0000,
    0x0000, 0x0000, 0x0000, 0x0000, 0x0000, 0x0000, 0x0000, 0x0000, 0x0000, 0x0000, 0x0000, 0x0000, 0x0000, 0x0000, 0x0000, 0x0000,
    0x0000, 0x0000, 0x0000, 0x0000, 0x0000, 0x0000, 0x0000, 0x0000, 0x0000, 0x0000, 0x0000, 0x0000, 0x0000, 0x0000, 0x0000, 0x0000,
    0x0000, 0x0000, 0x0000, 0x0000, 0x0000, 0x0000, 0x0000, 0x0000, 0x0000, 0x0000, 0x0000, 0x0000, 0x0000, 0x0000, 0x0000, 0x0000,
    0x0000, 0x0000, 0x0000, 0x0000, 0x0000, 0x0000, 0x0000, 0x0000, 0x0000, 0x0000, 0x0000, 0x0000, 0x0000, 0x0000, 0x0000, 0x0000,
    0x0000, 0x1bc6, 0x1bc6, 0x1bc6, 0x1bc6, 0x1bc6, 0x1bc6, 0x1bc6, 0x1bc6, 0x1bc6, 0x1bc6, 0x1bc6, 0x1bc6, 0x1bc6, 0x0000, 0x1bc6,
    0x1bc6, 0x1bc6, 0x1bc6, 0x1bc6, 0x0000, 0x0000, 0x1bc6, 0x1bc6, 0x1bc6, 0x1bc6, 0x1bc6, 0x1bc6, 0x1bc6, 0x1bc6, 0x1bc6, 0x1bc6,
    0x1bc6, 0x0000, 0x0000, 0x1bc6, 0x1bc6, 0x1bc6, 0x1bc6, 0x1bc6, 0x1bc6, 0x0000, 0x0000, 0xaa50, 0xaa50, 0xaa50, 0x0000, 0x0000,
    0x0000, 0x0000, 0x0000, 0x0000, 0x0000, 0xaa50, 0xaa50, 0xaa50, 0x0000, 0x0000, 0x0000, 0x0000, 0x0000, 0x0000, 0x0000, 0x0000,
    0x0000, 0x0000, 0x0000, 0x0000, 0x0000, 0x0000, 0x0000, 0x0000, 0x0000, 0x0000, 0x0000, 0x0000, 0x0000, 0x0000, 0x0000, 0x0000,
    0x0000, 0x0000, 0x0000, 0x0000, 0x0000, 0x0000, 0x0000, 0x0000, 0x0000, 0x0000, 0x0000, 0x0000, 0x0000, 0x0000, 0x0000, 0x0000,
    0x0000, 0x0000, 0x0000, 0x0000, 0x0000, 0x0000, 0x0000, 0x0000, 0x0000, 0x0000, 0x0000, 0x0000, 0x0000, 0x0000, 0x0000, 0x0000,
    0x0000, 0x0000, 0x0000, 0x0000, 0x0000, 0x0000, 0x0000, 0x0000, 0x0000, 0x0000, 0x0000, 0x0000, 0x0000, 0x0000, 0x0000, 0x0000,
    0x0000, 0x0000, 0x0000, 0x0000, 0x0000, 0x0000, 0x0000, 0x0000, 0x0000, 0x0000, 0x0000, 0x0000, 0x0000, 0x0000, 0x0000, 0x0000,
    0x0000, 0x0000, 0x0000, 0x0000, 0x0000, 0x0000, 0x0000, 0x0000, 0x0000, 0x0000, 0x0000, 0x0000, 0x0000, 0x0000, 0x0000, 0x0000,
    0x0000, 0x1bc6, 0x1bc6, 0x1bc6, 0x1bc6, 0x1bc6, 0x1bc6, 0x1bc6, 0x1bc6, 0x1bc6, 0x1bc6, 0x1bc6, 0x1bc6, 0x1bc6, 0x0000, 0x1bc6,
    0x1bc6, 0x1bc6, 0x1bc6, 0x1bc6, 0x0000, 0x0000, 0x1bc6, 0x1bc6, 0x1bc6, 0x1bc6, 0x1bc6, 0x1bc6, 0x1bc6, 0x1bc6, 0x1bc6, 0x1bc6,
    0x1bc6, 0x0000, 0x0000, 0x1bc6, 0x1bc6, 0x1bc6, 0x1bc6, 0x1bc6, 0x1bc6, 0x0000, 0x0000, 0xaa50, 0xaa50, 0xaa50, 0xaa50, 0x0000,
    0x0000, 0x0000, 0x0000, 0xaa50, 0xaa50, 0xaa50, 0xaa50, 0xaa50, 0x0000, 0x0000, 0x0000, 0x0000, 0x0000, 0x0000, 0x0000, 0x0000,
    0x0000, 0x0000, 0x0000, 0x0000, 0x0000, 0x0000, 0x0000, 0x0000, 0x0000, 0x0000, 0x0000, 0x0000, 0x0000, 0x0000, 0x0000, 0x0000,
    0x0000, 0x0000, 0x0000, 0x0000, 0x0000, 0x0000, 0x0000, 0x0000, 0x0000, 0x0000, 0x0000, 0x0000, 0x0000, 0x0000, 0x0000, 0x0000,
    0x0000, 0x0000, 0x0000, 0x0000, 0x0000, 0x0000, 0x0000, 0x0000, 0x0000, 0x0000, 0x0000, 0x0000, 0x0000, 0x0000, 0x0000, 0x0000,
    0x0000, 0x0000, 0x0000, 0x0000, 0x0000, 0x0000, 0x0000, 0x0000, 0x0000, 0x0000, 0x0000, 0x0000, 0x0000, 0x0000, 0x0000, 0x0000,
    0x0000, 0x0000, 0x0000, 0x0000, 0x0000, 0x0000, 0x0000, 0x0000, 0x0000, 0x0000, 0x0000, 0x0000, 0x0000, 0x0000, 0x0000, 0x0000,
    0x0000, 0x0000, 0x0000, 0x0000, 0x0000, 0x0000, 0x0000, 0x0000, 0x0000, 0x0000, 0x0000, 0x0000, 0x0000, 0x0000, 0x0000, 0x0000,
    0x0000, 0x1bc6, 0x1bc6, 0x1bc6, 0x1bc6, 0x1bc6, 0x1bc6, 0x1bc6, 0x1bc6, 0x1bc6, 0x1bc6, 0x1bc6, 0x1bc6, 0x1bc6, 0x0000, 0x1bc6,
    0x1bc6, 0x1bc6, 0x1bc6, 0x1bc6, 0x0000, 0x0000, 0x1bc6, 0x1bc6, 0x1bc6, 0x1bc6, 0x1bc6, 0x1bc6, 0x1bc6, 0x1bc6, 0x1bc6, 0x1bc6,
    0x1bc6, 0x0000, 0x0000, 0x1bc6, 0x1bc6, 0x1bc6, 0x1bc6, 0x1bc6, 0x1bc6, 0x0000, 0x0000, 0xaa50, 0xaa50, 0xaa50, 0xaa50, 0x0000,
    0x0000, 0x0000, 0x0000, 0xaa50, 0xaa50, 0xaa50, 0xaa50, 0xaa50, 0x0000, 0x0000, 0x0000, 0x0000, 0x0000, 0x0000, 0x0000, 0x0000,
    0x0000, 0x0000, 0x0000, 0x0000, 0x0000, 0x0000, 0x0000, 0x0000, 0x0000, 0x0000, 0x0000, 0x0000, 0x0000, 0x0000, 0x0000, 0x0000,
    0x0000, 0x0000, 0x0000, 0x0000, 0x0000, 0x0000, 0x0000, 0x0000, 0x0000, 0x0000, 0x0000, 0x0000, 0x0000, 0x0000, 0x0000, 0x0000,
    0x0000, 0x0000, 0x0000, 0x0000, 0x0000, 0x0000, 0x0000, 0x0000, 0x0000, 0x0000, 0x0000, 0x0000, 0x0000, 0x0000, 0x0000, 0x0000,
    0x0000, 0x0000, 0x0000, 0x0000, 0x0000, 0x0000, 0x0000, 0x0000, 0x0000, 0x0000, 0x0000, 0x0000, 0x0000, 0x0000, 0x0000, 0x0000,
    0x0000, 0x0000, 0x0000, 0x0000, 0x0000, 0x0000, 0x0000, 0x0000, 0x0000, 0x0000, 0x0000, 0x0000, 0x0000, 0x0000, 0x0000, 0x0000,
    0x0000, 0x0000, 0x0000, 0x0000, 0x0000, 0x0000, 0x0000, 0x0000, 0x0000, 0x0000, 0x0000, 0x0000, 0x0000, 0x0000, 0x0000, 0x0000,
    0x0000, 0x1bc6, 0x1bc6, 0x1bc6, 0x1bc6, 0x1bc6, 0x1bc6, 0x1bc6, 0x1bc6, 0x1bc6, 0x1bc6, 0x1bc6, 0x1bc6, 0x1bc6, 0x0000, 0x1bc6,
    0x1bc6, 0x1bc6, 0x1bc6, 0x1bc6, 0x1bc6, 0x0000, 0x0000, 0x1bc6, 0x1bc6, 0x1bc6, 0x1bc6, 0x1bc6, 0x1bc6, 0x1bc6, 0x1bc6, 0x1bc6,
    0x0000, 0x0000, 0x0000, 0x0000, 0x1bc6, 0x1bc6, 0x1bc6, 0x1bc6, 0x1bc6, 0xd342, 0xd342, 0xd342, 0xd342, 0xaa50, 0xaa50, 0x0000,
    0x0000, 0x0000, 0x0000, 0xaa50, 0xaa50, 0xaa50, 0xaa50, 0x0000, 0x0000, 0x0000, 0x0000, 0x0000, 0x0000, 0x0000, 0x0000, 0x0000,
    0x0000, 0x0000, 0x0000, 0x0000, 0x0000, 0x0000, 0x0000, 0x0000, 0x0000, 0x0000, 0x0000, 0x0000, 0x0000, 0x0000, 0x0000, 0x0000,
    0x0000, 0x0000, 0x0000, 0x0000, 0x0000, 0x0000, 0x0000, 0x0000, 0x0000, 0x0000, 0x0000, 0x0000, 0x0000, 0x0000, 0x0000, 0x0000,
    0x0000, 0x0000, 0x0000, 0x0000, 0x0000, 0x0000, 0x0000, 0x0000, 0x0000, 0x0000, 0x0000, 0x0000, 0x0000, 0x0000, 0x0000, 0x0000,
    0x0000, 0x0000, 0x0000, 0x0000, 0x0000, 0x0000, 0x0000, 0x0000, 0x0000, 0x0000, 0x0000, 0x0000, 0x0000, 0x0000, 0x0000, 0x0000,
    0x0000, 0x0000, 0x0000, 0x0000, 0x0000, 0x0000, 0x0000, 0x0000, 0x0000, 0x0000, 0x0000, 0x0000, 0x0000, 0x0000, 0x0000, 0x0000,
    0x0000, 0x0000, 0x0000, 0x0000, 0x0000, 0x0000, 0x0000, 0x0000, 0x0000, 0x0000, 0x0000, 0x0000, 0x0000, 0x0000, 0x0000, 0x0000,
    0x0000, 0x1bc6, 0x1bc6, 0x1bc6, 0x1bc6, 0x1bc6, 0x1bc6, 0x1bc6, 0x1bc6, 0x1bc6, 0x1bc6, 0x1bc6, 0x1bc6, 0x1bc6, 0x0000, 0x1bc6,
    0x1bc6, 0x1bc6, 0x1bc6, 0x1bc6, 0x1bc6, 0x1bc6, 0x0000, 0x0000, 0x1bc6, 0x1bc6, 0x1bc6, 0x1bc6, 0x1bc6, 0x1bc6, 0x1bc6, 0x1bc6,
    0x0000, 0x0000, 0x0000, 0x0000, 0x1bc6, 0x1bc6, 0x1bc6, 0x1bc6, 0x1bc6, 0xd342, 0xd342, 0xd342, 0xd342, 0x0000, 0x0000, 0x0000,
    0x0000, 0x0000, 0x0000, 0xd342, 0x0000, 0x0000, 0x0000, 0x0000, 0x0000, 0x0000, 0x0000, 0x0000, 0x0000, 0x0000, 0x0000, 0x0000,
    0x0000, 0x0000, 0x0000, 0x0000, 0x0000, 0x0000, 0x0000, 0x0000, 0x0000, 0x0000, 0x0000, 0x0000, 0x0000, 0x0000, 0x0000, 0x0000,
    0x0000, 0x0000, 0x0000, 0x0000, 0x0000, 0x0000, 0x0000, 0x0000, 0x0000, 0x0000, 0x0000, 0x0000, 0x0000, 0x0000, 0x0000, 0x0000,
    0x0000, 0x0000, 0x0000, 0x0000, 0x0000, 0x0000, 0x0000, 0x0000, 0x0000, 0x0000, 0x0000, 0x0000, 0x0000, 0x0000, 0x0000, 0x0000,
    0x0000, 0x0000, 0x0000, 0x0000, 0x0000, 0x0000, 0x0000, 0x0000, 0x0000, 0x0000, 0x0000, 0x0000, 0x0000, 0x0000, 0x0000, 0x0000,
    0x0000, 0x0000, 0x0000, 0x0000, 0x0000, 0x0000, 0x0000, 0x0000, 0x0000, 0x0000, 0x0000, 0x0000, 0x0000, 0x0000, 0x0000, 0x0000,
    0x0000, 0x0000, 0x0000, 0x0000, 0x0000, 0x0000, 0x0000, 0x0000, 0x0000, 0x0000, 0x0000, 0x0000, 0x0000, 0x0000, 0x0000, 0x0000,
    0x0000, 0x1bc6, 0x1bc6, 0x1bc6, 0x1bc6, 0x1bc6, 0x1bc6, 0x1bc6, 0x1bc6, 0x1bc6, 0x1bc6, 0x1bc6, 0x1bc6, 0x1bc6, 0x0000, 0x1bc6,
    0x1bc6, 0x1bc6, 0x1bc6, 0x1bc6, 0x1bc6, 0x1bc6, 0x1bc6, 0x0000, 0x0000, 0x1bc6, 0x1bc6, 0x1bc6, 0x1bc6, 0x1bc6, 0x1bc6, 0x1bc6,
    0x0000, 0x0000, 0x0000, 0x0000, 0x1bc6, 0x1bc6, 0x1bc6, 0x1bc6, 0x1bc6, 0xd342, 0xd342, 0xd342, 0xd342, 0xd342, 0x0000, 0x0000,
    0x0000, 0x0000, 0xd342, 0xd342, 0xd342, 0xd342, 0x0000, 0x0000, 0x0000, 0x0000, 0x0000, 0x0000, 0x0000, 0x0000, 0x0000, 0x0000,
    0x0000, 0x0000, 0x0000, 0x0000, 0x0000, 0x0000, 0x0000, 0x0000, 0x0000, 0x0000, 0x0000, 0x0000, 0x0000, 0x0000, 0x0000, 0x0000,
    0x0000, 0x0000, 0x0000, 0x0000, 0x0000, 0x0000, 0x0000, 0x0000, 0x0000, 0x0000, 0x0000, 0x0000, 0x0000, 0x0000, 0x0000, 0x0000,
    0x0000, 0x0000, 0x0000, 0x0000, 0x0000, 0x0000, 0x0000, 0x0000, 0x0000, 0x0000, 0x0000, 0x0000, 0x0000, 0x0000, 0x0000, 0x0000,
    0x0000, 0x0000, 0x0000, 0x0000, 0x0000, 0x0000, 0x0000, 0x0000, 0x0000, 0x0000, 0x0000, 0x0000, 0x0000, 0x0000, 0x0000, 0x0000,
    0x0000, 0x0000, 0x0000, 0x0000, 0x0000, 0x0000, 0x0000, 0x0000, 0x0000, 0x0000, 0x0000, 0x0000, 0x0000, 0x0000, 0x0000, 0x0000,
    0x0000, 0x0000, 0x0000, 0x0000, 0x0000, 0x0000, 0x0000, 0x0000, 0x0000, 0x0000, 0x0000, 0x0000, 0x0000, 0x0000, 0x0000, 0x0000,
    0x0000, 0x1bc6, 0x1bc6, 0x1bc6, 0x1bc6, 0x1bc6, 0x1bc6, 0x1bc6, 0x1bc6, 0x1bc6, 0x1bc6, 0x1bc6, 0x1bc6, 0x1bc6, 0x0000, 0x1bc6,
    0x1bc6, 0x1bc6, 0x1bc6, 0x1bc6, 0x1bc6, 0x1bc6, 0x1bc6, 0x1bc6, 0x0000, 0x0000, 0x0000, 0x0000, 0x1bc6, 0x1bc6, 0x1bc6, 0x1bc6,
    0x1bc6, 0x1bc6, 0x1bc6, 0x1bc6, 0x1bc6, 0x1bc6, 0x1bc6, 0x1bc6, 0x1bc6, 0xd342, 0xd342, 0xd342, 0xd342, 0xd342, 0x0000, 0x0000,
    0x0000, 0xd342, 0xd342, 0xd342, 0xd342, 0xd342, 0xd342, 0x0000, 0x0000, 0x0000, 0x0000, 0x0000, 0x0000, 0x0000, 0x0000, 0x0000,
    0x0000, 0x0000, 0x0000, 0x0000, 0x0000, 0x0000, 0x0000, 0x0000, 0x0000, 0x0000, 0x0000, 0x0000, 0x0000, 0x0000, 0x0000, 0x0000,
    0x0000, 0x0000, 0x0000, 0x0000, 0x0000, 0x0000, 0x0000, 0x0000, 0x0000, 0x0000, 0x0000, 0x0000, 0x0000, 0x0000, 0x0000, 0x0000,
    0x0000, 0x0000, 0x0000, 0x0000, 0x0000, 0x0000, 0x0000, 0x0000, 0x0000, 0x0000, 0x0000, 0x0000, 0x0000, 0x0000, 0x0000, 0x0000,
    0x0000, 0x0000, 0x0000, 0x0000, 0x0000, 0x0000, 0x0000, 0x0000, 0x0000, 0x0000, 0x0000, 0x0000, 0x0000, 0x0000, 0x0000, 0x0000,
    0x0000, 0x0000, 0x0000, 0x0000, 0x0000, 0x0000, 0x0000, 0x0000, 0x0000, 0x0000, 0x0000, 0x0000, 0x0000, 0x0000, 0x0000, 0x0000,
    0x0000, 0x0000, 0x0000, 0x0000, 0x0000, 0x0000, 0x0000, 0x0000, 0x0000, 0x0000, 0x0000, 0x0000, 0x0000, 0x0000, 0x0000, 0x0000,
    0x0000, 0x1bc6, 0x1bc6, 0x1bc6, 0x1bc6, 0x1bc6, 0x1bc6, 0x1bc6, 0x1bc6, 0x1bc6, 0x1bc6, 0x1bc6, 0x1bc6, 0x1bc6, 0x0000, 0x0000,
    0x1bc6, 0x1bc6, 0x1bc6, 0x1bc6, 0x1bc6, 0x1bc6, 0x1bc6, 0x1bc6, 0x0000, 0x0000, 0x0000, 0x0000, 0x1bc6, 0x1bc6, 0x1bc6, 0x1bc6,
    0x1bc6, 0x1bc6, 0x1bc6, 0x1bc6, 0x1bc6, 0x1bc6, 0x1bc6, 0x1bc6, 0x1bc6, 0xd342, 0xd342, 0xd342, 0xd342, 0xd342, 0xd342, 0xd342,
    0xd342, 0xd342, 0xd342, 0xd342, 0xd342, 0xd342, 0xd342, 0x0000, 0x0000, 0x0000, 0x0000, 0x0000, 0x0000, 0x0000, 0x0000, 0x0000,
    0x0000, 0x0000, 0x0000, 0x0000, 0x0000, 0x0000, 0x0000, 0x0000, 0x0000, 0x0000, 0x0000, 0x0000, 0x0000, 0x0000, 0x0000, 0x0000,
    0x0000, 0x0000, 0x0000, 0x0000, 0x0000, 0x0000, 0x0000, 0x0000, 0x0000, 0x0000, 0x0000, 0x0000, 0x0000, 0x0000, 0x0000, 0x0000,
    0x0000, 0x0000, 0x0000, 0x0000, 0x0000, 0x0000, 0x0000, 0x0000, 0x0000, 0x0000, 0x0000, 0x0000, 0x0000, 0x0000, 0x0000, 0x0000,
    0x0000, 0x0000, 0x0000, 0x0000, 0x0000, 0x0000, 0x0000, 0x0000, 0x0000, 0x0000, 0x0000, 0x0000, 0x0000, 0x0000, 0x0000, 0x0000,
    0x0000, 0x0000, 0x0000, 0x0000, 0x0000, 0x0000, 0x0000, 0x0000, 0x0000, 0x0000, 0x0000, 0x0000, 0x0000, 0x0000, 0x0000, 0x0000,
    0x0000, 0x0000, 0x0000, 0x0000, 0x0000, 0x0000, 0x0000, 0x0000, 0x0000, 0x0000, 0x0000, 0x0000, 0x0000, 0x0000, 0x0000, 0x0000,
    0x0000, 0x1bc6, 0x1bc6, 0x1bc6, 0x1bc6, 0x1bc6, 0x1bc6, 0x1bc6, 0x1bc6, 0x1bc6, 0x1bc6, 0x1bc6, 0x1bc6, 0x1bc6, 0x0000, 0x0000,
    0x0000, 0x1bc6, 0x1bc6, 0x1bc6, 0x1bc6, 0x1bc6, 0x1bc6, 0x1bc6, 0x1bc6, 0x0000, 0x0000, 0x0000, 0x1bc6, 0x1bc6, 0x1bc6, 0x1bc6,
    0x1bc6, 0x1bc6, 0x1bc6, 0x1bc6, 0x1bc6, 0x1bc6, 0x1bc6, 0x1bc6, 0x1bc6, 0xd342, 0xd342, 0xd342, 0xd342, 0xd342, 0xd342, 0xd342,
    0xd342, 0xd342, 0xd342, 0xd342, 0xd342, 0xd342, 0x0000, 0x0000, 0x0000, 0x0000, 0x0000, 0x0000, 0x0000, 0x0000, 0x0000, 0x0000,
    0x0000, 0x0000, 0x0000, 0x0000, 0x0000, 0x0000, 0x0000, 0x0000, 0x0000, 0x0000, 0x0000, 0x0000, 0x0000, 0x0000, 0x0000, 0x0000,
    0x0000, 0x0000, 0x0000, 0x0000, 0x0000, 0x0000, 0x0000, 0x0000, 0x0000, 0x0000, 0x0000, 0x0000, 0x0000, 0x0000, 0x0000, 0x0000,
    0x0000, 0x0000, 0x0000, 0x0000, 0x0000, 0x0000, 0x0000, 0x0000, 0x0000, 0x0000, 0x0000, 0x0000, 0x0000, 0x0000, 0x0000, 0x0000,
    0x0000, 0x0000, 0x0000, 0x0000, 0x0000, 0x0000, 0x0000, 0x0000, 0x0000, 0x0000, 0x0000, 0x0000, 0x0000, 0x0000, 0x0000, 0x0000,
    0x0000, 0x0000, 0x0000, 0x0000, 0x0000, 0x0000, 0x0000, 0x0000, 0x0000, 0x0000, 0x0000, 0x0000, 0x0000, 0x0000, 0x0000, 0x0000,
    0x0000, 0x0000, 0x0000, 0x0000, 0x0000, 0x0000, 0x0000, 0x0000, 0x0000, 0x0000, 0x0000, 0x0000, 0x0000, 0x0000, 0x0000, 0x0000,
    0x0000, 0x1bc6, 0x1bc6, 0x1bc6, 0x1bc6, 0x1bc6, 0x1bc6, 0x1bc6, 0x1bc6, 0x1bc6, 0x1bc6, 0x1bc6, 0x1bc6, 0x1bc6, 0x1bc6, 0x0000,
    0x0000, 0x0000, 0x1bc6, 0x1bc6, 0x1bc6, 0x1bc6, 0x1bc6, 0x1bc6, 0x1bc6, 0x1bc6, 0x1bc6, 0x1bc6, 0x1bc6, 0x1bc6, 0x1bc6, 0x1bc6,
    0x1bc6, 0x1bc6, 0x1bc6, 0x1bc6, 0x1bc6, 0x1bc6, 0x1bc6, 0x1bc6, 0x1bc6, 0xd342, 0xd342, 0xd342, 0xd342, 0xd342, 0xd342, 0xd342,
    0xd342, 0xd342, 0xd342, 0xd342, 0xd342, 0xd342, 0x0000, 0x0000, 0x0000, 0x0000, 0x0000, 0x0000, 0x0000, 0x0000, 0x0000, 0x0000,
    0x0000, 0x0000, 0x0000, 0x0000, 0x0000, 0x0000, 0x0000, 0x0000, 0x0000, 0x0000, 0x0000, 0x0000, 0x0000, 0x0000, 0x0000, 0x0000,
    0x0000, 0x0000, 0x0000, 0x0000, 0x0000, 0x0000, 0x0000, 0x0000, 0x0000, 0x0000, 0x0000, 0x0000, 0x0000, 0x0000, 0x0000, 0x0000,
    0x0000, 0x0000, 0x0000, 0x0000, 0x0000, 0x0000, 0x0000, 0x0000, 0x0000, 0x0000, 0x0000, 0x0000, 0x0000, 0x0000, 0x0000, 0x0000,
    0x0000, 0x0000, 0x0000, 0x0000, 0x0000, 0x0000, 0x0000, 0x0000, 0x0000, 0x0000, 0x0000, 0x0000, 0x0000, 0x0000, 0x0000, 0x0000,
    0x0000, 0x0000, 0x0000, 0x0000, 0x0000, 0x0000, 0x0000, 0x0000, 0x0000, 0x0000, 0x0000, 0x0000, 0x0000, 0x0000, 0x0000, 0x0000,
    0x0000, 0x0000, 0x0000, 0x0000, 0x0000, 0x0000, 0x0000, 0x0000, 0x0000, 0x0000, 0x0000, 0x0000, 0x0000, 0x0000, 0x0000, 0x0000,
    0x0000, 0x1bc6, 0x1bc6, 0x1bc6, 0x1bc6, 0x1bc6, 0x1bc6, 0x1bc6, 0x1bc6, 0x1bc6, 0x1bc6, 0x1bc6, 0x1bc6, 0x1bc6, 0x1bc6, 0x1bc6,
    0x0000, 0x0000, 0x0000, 0x1bc6, 0x1bc6, 0x1bc6, 0x1bc6, 0x1bc6, 0x1bc6, 0x1bc6, 0x1bc6, 0x1bc6, 0x1bc6, 0x1bc6, 0x1bc6, 0x1bc6,
    0x1bc6, 0x1bc6, 0x1bc6, 0x1bc6, 0x1bc6, 0x1bc6, 0x1bc6, 0x1bc6, 0x1bc6, 0xd342, 0xd342, 0xd342, 0xd342, 0xd342, 0xd342, 0xd342,
    0xd342, 0xd342, 0xd342, 0xd342, 0xd342, 0xd342, 0x0000, 0x0000, 0x0000, 0x0000, 0x0000, 0x0000, 0x0000, 0x0000, 0x0000, 0x0000,
    0x0000, 0x0000, 0x0000, 0x0000, 0x0000, 0x0000, 0x0000, 0x0000, 0x0000, 0x0000, 0x0000, 0x0000, 0x0000, 0x0000, 0x0000, 0x0000,
    0x0000, 0x0000, 0x0000, 0x0000, 0x0000, 0x0000, 0x0000, 0x0000, 0x0000, 0x0000, 0x0000, 0x0000, 0x0000, 0x0000, 0x0000, 0x0000,
    0x0000, 0x0000, 0x0000, 0x0000, 0x0000, 0x0000, 0x0000, 0x0000, 0x0000, 0x0000, 0x0000, 0x0000, 0x0000, 0x0000, 0x0000, 0x0000,
    0x0000, 0x0000, 0x0000, 0x0000, 0x0000, 0x0000, 0x0000, 0x0000, 0x0000, 0x0000, 0x0000, 0x0000, 0x0000, 0x0000, 0x0000, 0x0000,
    0x0000, 0x0000, 0x0000, 0x0000, 0x0000, 0x0000, 0x0000, 0x0000, 0x0000, 0x0000, 0x0000, 0x0000, 0x0000, 0x0000, 0x0000, 0x0000,
    0x0000, 0x0000, 0x0000, 0x0000, 0x0000, 0x0000, 0x0000, 0x0000, 0x0000, 0x0000, 0x0000, 0x0000, 0x0000, 0x0000, 0x0000, 0x0000,
    0x0000, 0x1bc6, 0x1bc6, 0x1bc6, 0x1bc6, 0x1bc6, 0x1bc6, 0x1bc6, 0x1bc6, 0x1bc6, 0x1bc6, 0x1bc6, 0x1bc6, 0x1bc6, 0x1bc6, 0x1bc6,
    0x1bc6, 0x0000, 0x0000, 0x0000, 0x1bc6, 0x1bc6, 0x1bc6, 0x1bc6, 0x1bc6, 0x1bc6, 0x1bc6, 0x1bc6, 0x1bc6, 0x1bc6, 0x1bc6, 0x1bc6,
    0x1bc6, 0x1bc6, 0x1bc6, 0x1bc6, 0x1bc6, 0x1bc6, 0x1bc6, 0x1bc6, 0x1bc6, 0xd342, 0xd342, 0xd342, 0xd342, 0xd342, 0xd342, 0xd342,
    0xd342, 0xd342, 0xd342, 0xd342, 0xd342, 0xd342, 0xd342, 0x0000, 0xd342, 0xd342, 0xd342, 0xd342, 0x0000, 0x0000, 0x0000, 0x0000,
    0x0000, 0x0000, 0x0000, 0x0000, 0x0000, 0x0000, 0x0000, 0x0000, 0x0000, 0x0000, 0x0000, 0x0000, 0x0000, 0x0000, 0x0000, 0x0000,
    0x0000, 0x0000, 0x0000, 0x0000, 0x0000, 0x0000, 0x0000, 0x0000, 0x0000, 0x0000, 0x0000, 0x0000, 0x0000, 0x0000, 0x0000, 0x0000,
    0x0000, 0x0000, 0x0000, 0x0000, 0x0000, 0x0000, 0x0000, 0x0000, 0x0000, 0x0000, 0x0000, 0x0000, 0x0000, 0x0000, 0x0000, 0x0000,
    0x0000, 0x0000, 0x0000, 0x0000, 0x0000, 0x0000, 0x0000, 0x0000, 0x0000, 0x0000, 0x0000, 0x0000, 0x0000, 0x0000, 0x0000, 0x0000,
    0x0000, 0x0000, 0x0000, 0x0000, 0x0000, 0x0000, 0x0000, 0x0000, 0x0000, 0x0000, 0x0000, 0x0000, 0x0000, 0x0000, 0x0000, 0x0000,
    0x0000, 0x0000, 0x0000, 0x0000, 0x0000, 0x0000, 0x0000, 0x0000, 0x0000, 0x0000, 0x0000, 0x0000, 0x0000, 0x0000, 0x0000, 0x0000,
    0x0000, 0x1bc6, 0x1bc6, 0x1bc6, 0x1bc6, 0x1bc6, 0x1bc6, 0x1bc6, 0x1bc6, 0x1bc6, 0x1bc6, 0x1bc6, 0x1bc6, 0x1bc6, 0x1bc6, 0x1bc6,
    0x1bc6, 0x1bc6, 0x0000, 0x0000, 0x0000, 0x1bc6, 0x1bc6, 0x1bc6, 0x1bc6, 0x1bc6, 0x1bc6, 0x1bc6, 0x1bc6, 0x1bc6, 0x1bc6, 0x1bc6,
    0x1bc6, 0x1bc6, 0x1bc6, 0x1bc6, 0x1bc6, 0x1bc6, 0x1bc6, 0x1bc6, 0x1bc6, 0xd342, 0xd342, 0xd342, 0xd342, 0xd342, 0xd342, 0xd342,
    0xd342, 0xd342, 0xd342, 0xd342, 0xd342, 0xd342, 0xd342, 0xd342, 0xd342, 0xd342, 0xd342, 0xd342, 0xd342, 0x0000, 0x0000, 0x0000,
    0x0000, 0x0000, 0x0000, 0x0000, 0x0000, 0x0000, 0x0000, 0x0000, 0x0000, 0x0000, 0x0000, 0x0000, 0x0000, 0x0000, 0x0000, 0x0000,
    0x0000, 0x0000, 0x0000, 0x0000, 0x0000, 0x0000, 0x0000, 0x0000, 0x0000, 0x0000, 0x0000, 0x0000, 0x0000, 0x0000, 0x0000, 0x0000,
    0x0000, 0x0000, 0x0000, 0x0000, 0x0000, 0x0000, 0x0000, 0x0000, 0x0000, 0x0000, 0x0000, 0x0000, 0x0000, 0x0000, 0x0000, 0x0000,
    0x0000, 0x0000, 0x0000, 0x0000, 0x0000, 0x0000, 0x0000, 0x0000, 0x0000, 0x0000, 0x0000, 0x0000, 0x0000, 0x0000, 0x0000, 0x0000,
    0x0000, 0x0000, 0x0000, 0x0000, 0x0000, 0x0000, 0x0000, 0x0000, 0x0000, 0x0000, 0x0000, 0x0000, 0x0000, 0x0000, 0x0000, 0x0000,
    0x0000, 0x0000, 0x0000, 0x0000, 0x0000, 0x0000, 0x0000, 0x0000, 0x0000, 0x0000, 0x0000, 0x0000, 0x0000, 0x0000, 0x0000, 0x0000,
    0x0000, 0x1bc6, 0x1bc6, 0x1bc6, 0x1bc6, 0x1bc6, 0x1bc6, 0x1bc6, 0x1bc6, 0x1bc6, 0x1bc6, 0x1bc6, 0x1bc6, 0x1bc6, 0x1bc6, 0x1bc6,
    0x1bc6, 0x1bc6, 0x1bc6, 0x1bc6, 0x0000, 0x0000, 0x1bc6, 0x1bc6, 0x1bc6, 0x1bc6, 0x1bc6, 0x1bc6, 0x1bc6, 0x1bc6, 0x1bc6, 0x1bc6,
    0x1bc6, 0x1bc6, 0x1bc6, 0x1bc6, 0x1bc6, 0x1bc6, 0x1bc6, 0x1bc6, 0x1bc6, 0xd342, 0xd342, 0xd342, 0xd342, 0xd342, 0xd342, 0xd342,
    0xd342, 0xd342, 0xd342, 0xd342, 0xd342, 0xd342, 0xd342, 0xd342, 0xd342, 0xd342, 0xd342, 0xd342, 0xd342, 0x0000, 0x0000, 0x0000,
    0x0000, 0x0000, 0x0000, 0x0000, 0x0000, 0x0000, 0x0000, 0x0000, 0x0000, 0x0000, 0x0000, 0x0000, 0x0000, 0x0000, 0x0000, 0x0000,
    0x0000, 0x0000, 0x0000, 0x0000, 0x0000, 0x0000, 0x0000, 0x0000, 0x0000, 0x0000, 0x0000, 0x0000, 0x0000, 0x0000, 0x0000, 0x0000,
    0x0000, 0x0000, 0x0000, 0x0000, 0x0000, 0x0000, 0x0000, 0x0000, 0x0000, 0x0000, 0x0000, 0x0000, 0x0000, 0x0000, 0x0000, 0x0000,
    0x0000, 0x0000, 0x0000, 0x0000, 0x0000, 0x0000, 0x0000, 0x0000, 0x0000, 0x0000, 0x0000, 0x0000, 0x0000, 0x0000, 0x0000, 0x0000,
    0x0000, 0x0000, 0x0000, 0x0000, 0x0000, 0x0000, 0x0000, 0x0000, 0x0000, 0x0000, 0x0000, 0x0000, 0x0000, 0x0000, 0x0000, 0x0000,
    0x0000, 0x0000, 0x0000, 0x0000, 0x0000, 0x0000, 0x0000, 0x0000, 0x0000, 0x0000, 0x0000, 0x0000, 0x0000, 0x0000, 0x0000, 0x0000,
    0x0000, 0x1bc6, 0x1bc6, 0x1bc6, 0x1bc6, 0x1bc6, 0x1bc6, 0x1bc6, 0x1bc6, 0x1bc6, 0x1bc6, 0x1bc6, 0x1bc6, 0x1bc6, 0x1bc6, 0x1bc6,
    0x1bc6, 0x1bc6, 0x1bc6, 0x1bc6, 0x1bc6, 0x0000, 0x0000, 0x0000, 0x0000, 0x1bc6, 0x1bc6, 0x1bc6, 0x1bc6, 0x1bc6, 0x1bc6, 0x1bc6,
    0x1bc6, 0x1bc6, 0x1bc6, 0x1bc6, 0x1bc6, 0x1bc6, 0x1bc6, 0x1bc6, 0x1bc6, 0xd342, 0xd342, 0x0000, 0x0000, 0x0000, 0x0000, 0xd342,
    0xd342, 0xd342, 0xd342, 0xd342, 0xd342, 0xd342, 0xd342, 0xd342, 0xd342, 0xd342, 0xd342, 0xd342, 0xd342, 0xd342, 0x0000, 0x0000,
    0x0000, 0x0000, 0x0000, 0x0000, 0x0000, 0x0000, 0x0000, 0x0000, 0x0000, 0x0000, 0x0000, 0x0000, 0x0000, 0x0000, 0x0000, 0x0000,
    0x0000, 0x0000, 0x0000, 0x0000, 0x0000, 0x0000, 0x0000, 0x0000, 0x0000, 0x0000, 0x0000, 0x0000, 0x0000, 0x0000, 0x0000, 0x0000,
    0x0000, 0x0000, 0x0000, 0x0000, 0x0000, 0x0000, 0x0000, 0x0000, 0x0000, 0x0000, 0x0000, 0x0000, 0x0000, 0x0000, 0x0000, 0x0000,
    0x0000, 0x0000, 0x0000, 0x0000, 0x0000, 0x0000, 0x0000, 0x0000, 0x0000, 0x0000, 0x0000, 0x0000, 0x0000, 0x0000, 0x0000, 0x0000,
    0x0000, 0x0000, 0x0000, 0x0000, 0x0000, 0x0000, 0x0000, 0x0000, 0x0000, 0x0000, 0x0000, 0x0000, 0x0000, 0x0000, 0x0000, 0x0000,
    0x0000, 0x0000, 0x0000, 0x0000, 0x0000, 0x0000, 0x0000, 0x0000, 0x0000, 0x0000, 0x0000, 0x0000, 0x0000, 0x0000, 0x0000, 0x0000,
    0x0000, 0x1bc6, 0x1bc6, 0x1bc6, 0x1bc6, 0x1bc6, 0x1bc6, 0x1bc6, 0x1bc6, 0x1bc6, 0x1bc6, 0x1bc6, 0x1bc6, 0x1bc6, 0x1bc6, 0x1bc6,
    0x1bc6, 0x1bc6, 0x1bc6, 0x1bc6, 0x1bc6, 0x0000, 0x0000, 0x0000, 0x0000, 0x1bc6, 0x1bc6, 0x1bc6, 0x1bc6, 0x1bc6, 0x1bc6, 0x1bc6,
    0x1bc6, 0x1bc6, 0x1bc6, 0x1bc6, 0x1bc6, 0x1bc6, 0x1bc6, 0x1bc6, 0x1bc6, 0x0000, 0x0000, 0x0000, 0x0000, 0x0000, 0x0000, 0x0000,
    0x0000, 0xd342, 0xd342, 0xd342, 0xd342, 0xd342, 0xd342, 0xd342, 0xd342, 0xd342, 0xd342, 0xd342, 0x0000, 0x0000, 0x0000, 0x0000,
    0x0000, 0x0000, 0x0000, 0x0000, 0x0000, 0x0000, 0x0000, 0x0000, 0x0000, 0x0000, 0x0000, 0x0000, 0x0000, 0x0000, 0x0000, 0x0000,
    0x0000, 0x0000, 0x0000, 0x0000, 0x0000, 0x0000, 0x0000, 0x0000, 0x0000, 0x0000, 0x0000, 0x0000, 0x0000, 0x0000, 0x0000, 0x0000,
    0x0000, 0x0000, 0x0000, 0x0000, 0x0000, 0x0000, 0x0000, 0x0000, 0x0000, 0x0000, 0x0000, 0x0000, 0x0000, 0x0000, 0x0000, 0x0000,
    0x0000, 0x0000, 0x0000, 0x0000, 0x0000, 0x0000, 0x0000, 0x0000, 0x0000, 0x0000, 0x0000, 0x0000, 0x0000, 0x0000, 0x0000, 0x0000,
    0x0000, 0x0000, 0x0000, 0x0000, 0x0000, 0x0000, 0x0000, 0x0000, 0x0000, 0x0000, 0x0000, 0x0000, 0x0000, 0x0000, 0x0000, 0x0000,
    0x0000, 0x0000, 0x0000, 0x0000, 0x0000, 0x0000, 0x0000, 0x0000, 0x0000, 0x0000, 0x0000, 0x0000, 0x0000, 0x0000, 0x0000, 0x0000,
    0x0000, 0x1bc6, 0x1bc6, 0x1bc6, 0x1bc6, 0x1bc6, 0x1bc6, 0x1bc6, 0x1bc6, 0x1bc6, 0x1bc6, 0x1bc6, 0x1bc6, 0x1bc6, 0x1bc6, 0x1bc6,
    0x1bc6, 0x1bc6, 0x1bc6, 0x1bc6, 0x1bc6, 0x0000, 0x0000, 0x0000, 0x0000, 0x1bc6, 0x1bc6, 0x1bc6, 0x1bc6, 0x1bc6, 0x1bc6, 0x1bc6,
    0x1bc6, 0x1bc6, 0x1bc6, 0x1bc6, 0x1bc6, 0x1bc6, 0x1bc6, 0x1bc6, 0x0000, 0x0000, 0x0000, 0x0000, 0x0000, 0x0000, 0x0000, 0x0000,
    0x0000, 0x0000, 0xd342, 0xd342, 0xd342, 0xd342, 0xd342, 0xd342, 0xd342, 0xd342, 0xd342, 0x0000, 0x0000, 0x0000, 0x0000, 0x0000,
    0x0000, 0x0000, 0x0000, 0x0000, 0x0000, 0x0000, 0x0000, 0x0000, 0x0000, 0x0000, 0x0000, 0x0000, 0x0000, 0x0000, 0x0000, 0x0000,
    0x0000, 0x0000, 0x0000, 0x0000, 0x0000, 0x0000, 0x0000, 0x0000, 0x0000, 0x0000, 0x0000, 0x0000, 0x0000, 0x0000, 0x0000, 0x0000,
    0x0000, 0x0000, 0x0000, 0x0000, 0x0000, 0x0000, 0x0000, 0x0000, 0x0000, 0x0000, 0x0000, 0x0000, 0x0000, 0x0000, 0x0000, 0x0000,
    0x0000, 0x0000, 0x0000, 0x0000, 0x0000, 0x0000, 0x0000, 0x0000, 0x0000, 0x0000, 0x0000, 0x0000, 0x0000, 0x0000, 0x0000, 0x0000,
    0x0000, 0x0000, 0x0000, 0x0000, 0x0000, 0x0000, 0x0000, 0x0000, 0x0000, 0x0000, 0x0000, 0x0000, 0x0000, 0x0000, 0x0000, 0x0000,
    0x0000, 0x0000, 0x0000, 0x0000, 0x0000, 0x0000, 0x0000, 0x0000, 0x0000, 0x0000, 0x0000, 0x0000, 0x0000, 0x0000, 0x0000, 0x0000,
    0x0000, 0x1bc6, 0x1bc6, 0x1bc6, 0x1bc6, 0x1bc6, 0x1bc6, 0x1bc6, 0x1bc6, 0x1bc6, 0x1bc6, 0x1bc6, 0x1bc6, 0x1bc6, 0x1bc6, 0x1bc6,
    0x1bc6, 0x1bc6, 0x1bc6, 0x1bc6, 0x1bc6, 0x1bc6, 0x0000, 0x0000, 0x1bc6, 0x1bc6, 0x1bc6, 0x1bc6, 0x1bc6, 0x1bc6, 0x1bc6, 0x1bc6,
    0x1bc6, 0x1bc6, 0x1bc6, 0x1bc6, 0x1bc6, 0x1bc6, 0x1bc6, 0x0000, 0x0000, 0x0000, 0x0000, 0x0000, 0x0000, 0x0000, 0x0000, 0x0000,
    0x0000, 0x0000, 0xd342, 0xd342, 0xd342, 0xd342, 0xd342, 0xd342, 0xd342, 0xd342, 0x0000, 0x0000, 0x0000, 0x0000, 0x0000, 0x0000,
    0x0000, 0x0000, 0x0000, 0x0000, 0x0000, 0x0000, 0x0000, 0x0000, 0x0000, 0x0000, 0x0000, 0x0000, 0x0000, 0x0000, 0x0000, 0x0000,
    0x0000, 0x0000, 0x0000, 0x0000, 0x0000, 0x0000, 0x0000, 0x0000, 0x0000, 0x0000, 0x0000, 0x0000, 0x0000, 0x0000, 0x0000, 0x0000,
    0x0000, 0x0000, 0x0000, 0x0000, 0x0000, 0x0000, 0x0000, 0x0000, 0x0000, 0x0000, 0x0000, 0x0000, 0x0000, 0x0000, 0x0000, 0x0000,
    0x0000, 0x0000, 0x0000, 0x0000, 0x0000, 0x0000, 0x0000, 0x0000, 0x0000, 0x0000, 0x0000, 0x0000, 0x0000, 0x0000, 0x0000, 0x0000,
    0x0000, 0x0000, 0x0000, 0x0000, 0x0000, 0x0000, 0x0000, 0x0000, 0x0000, 0x0000, 0x0000, 0x0000, 0x0000, 0x0000, 0x0000, 0x0000,
    0x0000, 0x0000, 0x0000, 0x0000, 0x0000, 0x0000, 0x0000, 0x0000, 0x0000, 0x0000, 0x0000, 0x0000, 0x0000, 0x0000, 0x0000, 0x0000,
    0x0000, 0x1bc6, 0x1bc6, 0x1bc6, 0x0000, 0x0000, 0x0000, 0x0000, 0x0000, 0x0000, 0x0000, 0x0000, 0x0000, 0x0000, 0x0000, 0x0000,
    0x0000, 0x0000, 0x1bc6, 0x1bc6, 0x1bc6, 0x1bc6, 0x1bc6, 0x1bc6, 0x1bc6, 0x1bc6, 0x1bc6, 0x1bc6, 0x1bc6, 0x1bc6, 0x1bc6, 0x1bc6,
    0x1bc6, 0x1bc6, 0x1bc6, 0x1bc6, 0x1bc6, 0x1bc6, 0x1bc6, 0x0000, 0x0000, 0x0000, 0x0000, 0x0000, 0x0000, 0x0000, 0x0000, 0x0000,
    0x0000, 0x0000, 0x0000, 0xd342, 0xd342, 0xd342, 0xd342, 0xd342, 0xd342, 0xd342, 0xd342, 0x0000, 0x0000, 0x0000, 0x0000, 0x0000,
    0x0000, 0x0000, 0x0000, 0x0000, 0x0000, 0x0000, 0x0000, 0x0000, 0x0000, 0x0000, 0x0000, 0x0000, 0x0000, 0x0000, 0x0000, 0x0000,
    0x0000, 0x0000, 0x0000, 0x0000, 0x0000, 0x0000, 0x0000, 0x0000, 0x0000, 0x0000, 0x0000, 0x0000, 0x0000, 0x0000, 0x0000, 0x0000,
    0x0000, 0x0000, 0x0000, 0x0000, 0x0000, 0x0000, 0x0000, 0x0000, 0x0000, 0x0000, 0x0000, 0x0000, 0x0000, 0x0000, 0x0000, 0x0000,
    0x0000, 0x0000, 0x0000, 0x0000, 0x0000, 0x0000, 0x0000, 0x0000, 0x0000, 0x0000, 0x0000, 0x0000, 0x0000, 0x0000, 0x0000, 0x0000,
    0x0000, 0x0000, 0x0000, 0x0000, 0x0000, 0x0000, 0x0000, 0x0000, 0x0000, 0x0000, 0x0000, 0x0000, 0x0000, 0x0000, 0x0000, 0x0000,
    0x0000, 0x0000, 0x0000, 0x0000, 0x0000, 0x0000, 0x0000, 0x0000, 0x0000, 0x0000, 0x0000, 0x0000, 0x0000, 0x0000, 0x0000, 0x0000,
    0x0000, 0x1bc6, 0x1bc6, 0x1bc6, 0x1bc6, 0x0000, 0x0000, 0x0000, 0x0000, 0x0000, 0x0000, 0x0000, 0x0000, 0x0000, 0x0000, 0x0000,
    0x0000, 0x0000, 0x0000, 0x1bc6, 0x1bc6, 0x1bc6, 0x1bc6, 0x1bc6, 0x1bc6, 0x1bc6, 0x1bc6, 0x1bc6, 0x1bc6, 0x1bc6, 0x1bc6, 0x1bc6,
    0x1bc6, 0x1bc6, 0x1bc6, 0x1bc6, 0x1bc6, 0x1bc6, 0x1bc6, 0x0000, 0x0000, 0x0000, 0x0000, 0x0000, 0x0000, 0x0000, 0x0000, 0x0000,
    0x0000, 0x0000, 0x0000, 0xd342, 0xd342, 0xd342, 0xd342, 0xd342, 0xd342, 0xd342, 0xd342, 0x0000, 0x0000, 0x0000, 0x0000, 0x0000,
    0x0000, 0x0000, 0x0000, 0x0000, 0x0000, 0x0000, 0x0000, 0x0000, 0x0000, 0x0000, 0x0000, 0x0000, 0x0000, 0x0000, 0x0000, 0x0000,
    0x0000, 0x0000, 0x0000, 0x0000, 0x0000, 0x0000, 0x0000, 0x0000, 0x0000, 0x0000, 0x0000, 0x0000, 0x0000, 0x0000, 0x0000, 0x0000,
    0x0000, 0x0000, 0x0000, 0x0000, 0x0000, 0x0000, 0x0000, 0x0000, 0x0000, 0x0000, 0x0000, 0x0000, 0x0000, 0x0000, 0x0000, 0x0000,
    0x0000, 0x0000, 0x0000, 0x0000, 0x0000, 0x0000, 0x0000, 0x0000, 0x0000, 0x0000, 0x0000, 0x0000, 0x0000, 0x0000, 0x0000, 0x0000,
    0x0000, 0x0000, 0x0000, 0x0000, 0x0000, 0x0000, 0x0000, 0x0000, 0x0000, 0x0000, 0x0000, 0x0000, 0x0000, 0x0000, 0x0000, 0x0000,
    0x0000, 0x0000, 0x0000, 0x0000, 0x0000, 0x0000, 0x0000, 0x0000, 0x0000, 0x0000, 0x0000, 0x0000, 0x0000, 0x0000, 0x0000, 0x0000,
    0x0000, 0x1bc6, 0x1bc6, 0x1bc6, 0x1bc6, 0x1bc6, 0x1bc6, 0x1bc6, 0x1bc6, 0x1bc6, 0x1bc6, 0x1bc6, 0x1bc6, 0x1bc6, 0x1bc6, 0x1bc6,
    0x1bc6, 0x0000, 0x0000, 0x0000, 0x1bc6, 0x1bc6, 0x1bc6, 0x1bc6, 0x1bc6, 0x1bc6, 0x1bc6, 0x1bc6, 0x1bc6, 0x1bc6, 0x1bc6, 0x1bc6,
    0x1bc6, 0x1bc6, 0x1bc6, 0x1bc6, 0x1bc6, 0x1bc6, 0x1bc6, 0x0000, 0x0000, 0x0000, 0x0000, 0x0000, 0x0000, 0x0000, 0x0000, 0x0000,
    0x0000, 0x0000, 0x0000, 0xd342, 0xd342, 0xd342, 0xd342, 0xd342, 0xd342, 0xd342, 0xd342, 0xd342, 0xd342, 0x0000, 0x0000, 0x0000,
    0x0000, 0x0000, 0x0000, 0x0000, 0x0000, 0x0000, 0x0000, 0x0000, 0x0000, 0x0000, 0x0000, 0x0000, 0x0000, 0x0000, 0x0000, 0x0000,
    0x0000, 0x0000, 0x0000, 0x0000, 0x0000, 0x0000, 0x0000, 0x0000, 0x0000, 0x0000, 0x0000, 0x0000, 0x0000, 0x0000, 0x0000, 0x0000,
    0x0000, 0x0000, 0x0000, 0x0000, 0x0000, 0x0000, 0x0000, 0x0000, 0x0000, 0x0000, 0x0000, 0x0000, 0x0000, 0x0000, 0x0000, 0x0000,
    0x0000, 0x0000, 0x0000, 0x0000, 0x0000, 0x0000, 0x0000, 0x0000, 0x0000, 0x0000, 0x0000, 0x0000, 0x0000, 0x0000, 0x0000, 0x0000,
    0x0000, 0x0000, 0x0000, 0x0000, 0x0000, 0x0000, 0x0000, 0x0000, 0x0000, 0x0000, 0x0000, 0x0000, 0x0000, 0x0000, 0x0000, 0x0000,
    0x0000, 0x0000, 0x0000, 0x0000, 0x0000, 0x0000, 0x0000, 0x0000, 0x0000, 0x0000, 0x0000, 0x0000, 0x0000, 0x0000, 0x0000, 0x0000,
    0x0000, 0x1bc6, 0x1bc6, 0x1bc6, 0x1bc6, 0x1bc6, 0x1bc6, 0x1bc6, 0x1bc6, 0x1bc6, 0x1bc6, 0x1bc6, 0x1bc6, 0x1bc6, 0x1bc6, 0x1bc6,
    0x1bc6, 0x1bc6, 0x0000, 0x0000, 0x0000, 0x1bc6, 0x1bc6, 0x1bc6, 0x1bc6, 0x1bc6, 0x1bc6, 0x1bc6, 0x1bc6, 0x1bc6, 0x1bc6, 0x1bc6,
    0x1bc6, 0x1bc6, 0x1bc6, 0x1bc6, 0x1bc6, 0x1bc6, 0x1bc6, 0x0000, 0x0000, 0x0000, 0x0000, 0x0000, 0x0000, 0x0000, 0x0000, 0x0000,
    0x0000, 0x0000, 0x0000, 0xd342, 0xd342, 0xd342, 0xd342, 0xd342, 0xd342, 0xd342, 0xd342, 0xd342, 0xd342, 0xd342, 0xd342, 0x0000,
    0x0000, 0x0000, 0x0000, 0x0000, 0x0000, 0x0000, 0x0000, 0x0000, 0x0000, 0x0000, 0x0000, 0x0000, 0x0000, 0x0000, 0x0000, 0x0000,
    0x0000, 0x0000, 0x0000, 0x0000, 0x0000, 0x0000, 0x0000, 0x0000, 0x0000, 0x0000, 0x0000, 0x0000, 0x0000, 0x0000, 0x0000, 0x0000,
    0x0000, 0x0000, 0x0000, 0x0000, 0x0000, 0x0000, 0x0000, 0x0000, 0x0000, 0x0000, 0x0000, 0x0000, 0x0000, 0x0000, 0x0000, 0x0000,
    0x0000, 0x0000, 0x0000, 0x0000, 0x0000, 0x0000, 0x0000, 0x0000, 0x0000, 0x0000, 0x0000, 0x0000, 0x0000, 0x0000, 0x0000, 0x0000,
    0x0000, 0x0000, 0x0000, 0x0000, 0x0000, 0x0000, 0x0000, 0x0000, 0x0000, 0x0000, 0x0000, 0x0000, 0x0000, 0x0000, 0x0000, 0x0000,
    0x0000, 0x0000, 0x0000, 0x0000, 0x0000, 0x0000, 0x0000, 0x0000, 0x0000, 0x0000, 0x0000, 0x0000, 0x0000, 0x0000, 0x0000, 0x0000,
    0x0000, 0x1bc6, 0x1bc6, 0x1bc6, 0x1bc6, 0x1bc6, 0x1bc6, 0x1bc6, 0x1bc6, 0x1bc6, 0x1bc6, 0x1bc6, 0x1bc6, 0x1bc6, 0x1bc6, 0x1bc6,
    0x1bc6, 0x1bc6, 0x1bc6, 0x0000, 0x0000, 0x0000, 0x1bc6, 0x1bc6, 0x1bc6, 0x1bc6, 0x1bc6, 0x1bc6, 0x1bc6, 0x1bc6, 0x1bc6, 0x1bc6,
    0x1bc6, 0x1bc6, 0x1bc6, 0x1bc6, 0x1bc6, 0x1bc6, 0x1bc6, 0x0000, 0x0000, 0x0000, 0x0000, 0x0000, 0x0000, 0x0000, 0x0000, 0x0000,
    0x0000, 0x0000, 0x0000, 0xd342, 0xd342, 0xd342, 0xd342, 0xd342, 0xd342, 0xd342, 0xd342, 0xd342, 0xd342, 0xd342, 0xd342, 0x0000,
    0x0000, 0x0000, 0x0000, 0x0000, 0x0000, 0x0000, 0x0000, 0x0000, 0x0000, 0x0000, 0x0000, 0x0000, 0x0000, 0x0000, 0x0000, 0x0000,
    0x0000, 0x0000, 0x0000, 0x0000, 0x0000, 0x0000, 0x0000, 0x0000, 0x0000, 0x0000, 0x0000, 0x0000, 0x0000, 0x0000, 0x0000, 0x0000,
    0x0000, 0x0000, 0x0000, 0x0000, 0x0000, 0x0000, 0x0000, 0x0000, 0x0000, 0x0000, 0x0000, 0x0000, 0x0000, 0x0000, 0x0000, 0x0000,
    0x0000, 0x0000, 0x0000, 0x0000, 0x0000, 0x0000, 0x0000, 0x0000, 0x0000, 0x0000, 0x0000, 0x0000, 0x0000, 0x0000, 0x0000, 0x0000,
    0x0000, 0x0000, 0x0000, 0x0000, 0x0000, 0x0000, 0x0000, 0x0000, 0x0000, 0x0000, 0x0000, 0x0000, 0x0000, 0x0000, 0x0000, 0x0000,
    0x0000, 0x0000, 0x0000, 0x0000, 0x0000, 0x0000, 0x0000, 0x0000, 0x0000, 0x0000, 0x0000, 0x0000, 0x0000, 0x0000, 0x0000, 0x0000,
    0x0000, 0x1bc6, 0x1bc6, 0x1bc6, 0x1bc6, 0x1bc6, 0x1bc6, 0x1bc6, 0x1bc6, 0x1bc6, 0x1bc6, 0x1bc6, 0x1bc6, 0x1bc6, 0x1bc6, 0x1bc6,
    0x1bc6, 0x1bc6, 0x1bc6, 0x1bc6, 0x0000, 0x0000, 0x0000, 0x1bc6, 0x1bc6, 0x1bc6, 0x1bc6, 0x1bc6, 0x1bc6, 0x0000, 0x0000, 0x1bc6,
    0x1bc6, 0x1bc6, 0x1bc6, 0x1bc6, 0x1bc6, 0x1bc6, 0x1bc6, 0x1bc6, 0x0000, 0x0000, 0x0000, 0x0000, 0x0000, 0x0000, 0x0000, 0x0000,
    0x0000, 0x0000, 0xd342, 0xd342, 0xd342, 0xd342, 0xd342, 0xd342, 0xd342, 0xd342, 0xd342, 0xd342, 0xd342, 0xd342, 0x0000, 0x0000,
    0x0000, 0x0000, 0x0000, 0x0000, 0x0000, 0x0000, 0x0000, 0x0000, 0x0000, 0x0000, 0x0000, 0x0000, 0x0000, 0x0000, 0x0000, 0x0000,
    0x0000, 0x0000, 0x0000, 0x0000, 0x0000, 0x0000, 0x0000, 0x0000, 0x0000, 0x0000, 0x0000, 0x0000, 0x0000, 0x0000, 0x0000, 0x0000,
    0x0000, 0x0000, 0x0000, 0x0000, 0x0000, 0x0000, 0x0000, 0x0000, 0x0000, 0x0000, 0x0000, 0x0000, 0x0000, 0x0000, 0x0000, 0x0000,
    0x0000, 0x0000, 0x0000, 0x0000, 0x0000, 0x0000, 0x0000, 0x0000, 0x0000, 0x0000, 0x0000, 0x0000, 0x0000, 0x0000, 0x0000, 0x0000,
    0x0000, 0x0000, 0x0000, 0x0000, 0x0000, 0x0000, 0x0000, 0x0000, 0x0000, 0x0000, 0x0000, 0x0000, 0x0000, 0x0000, 0x0000, 0x0000,
    0x0000, 0x0000, 0x0000, 0x0000, 0x0000, 0x0000, 0x0000, 0x0000, 0x0000, 0x0000, 0x0000, 0x0000, 0x0000, 0x0000, 0x0000, 0x0000,
    0x0000, 0x1bc6, 0x1bc6, 0x1bc6, 0x0000, 0x0000, 0x0000, 0x0000, 0x0000, 0x0000, 0x0000, 0x0000, 0x0000, 0x0000, 0x0000, 0x1bc6,
    0x1bc6, 0x1bc6, 0x1bc6, 0x1bc6, 0x1bc6, 0x0000, 0x0000, 0x0000, 0x0000, 0x0000, 0x0000, 0x0000, 0x0000, 0x0000, 0x0000, 0x0000,
    0x1bc6, 0x1bc6, 0x1bc6, 0x1bc6, 0x1bc6, 0x1bc6, 0x1bc6, 0x1bc6, 0x0000, 0x0000, 0x0000, 0x0000, 0x0000, 0x0000, 0x0000, 0x0000,
    0x0000, 0x0000, 0xd342, 0xd342, 0xd342, 0xd342, 0xd342, 0xd342, 0xd342, 0xd342, 0xd342, 0xd342, 0xd342, 0xd342, 0x0000, 0x0000,
    0x0000, 0x0000, 0x0000, 0x0000, 0x0000, 0x0000, 0x0000, 0x0000, 0x0000, 0x0000, 0x0000, 0x0000, 0x0000, 0x0000, 0x0000, 0x0000,
    0x0000, 0x0000, 0x0000, 0x0000, 0x0000, 0x0000, 0x0000, 0x0000, 0x0000, 0x0000, 0x0000, 0x0000, 0x0000, 0x0000, 0x0000, 0x0000,
    0x0000, 0x0000, 0x0000, 0x0000, 0x0000, 0x0000, 0x0000, 0x0000, 0x0000, 0x0000, 0x0000, 0x0000, 0x0000, 0x0000, 0x0000, 0x0000,
    0x0000, 0x0000, 0x0000, 0x0000, 0x0000, 0x0000, 0x0000, 0x0000, 0x0000, 0x0000, 0x0000, 0x0000, 0x0000, 0x0000, 0x0000, 0x0000,
    0x0000, 0x0000, 0x0000, 0x0000, 0x0000, 0x0000, 0x0000, 0x0000, 0x0000, 0x0000, 0x0000, 0x0000, 0x0000, 0x0000, 0x0000, 0x0000,
    0x0000, 0x0000, 0x0000, 0x0000, 0x0000, 0x0000, 0x0000, 0x0000, 0x0000, 0x0000, 0x0000, 0x0000, 0x0000, 0x0000, 0x0000, 0x0000,
    0x0000, 0x1bc6, 0x1bc6, 0x1bc6, 0x0000, 0x0000, 0x0000, 0x0000, 0x0000, 0x0000, 0x0000, 0x0000, 0x0000, 0x0000, 0x0000, 0x0000,
    0x1bc6, 0x1bc6, 0x1bc6, 0x1bc6, 0x1bc6, 0x1bc6, 0x0000, 0x0000, 0x0000, 0x0000, 0x0000, 0x0000, 0x0000, 0x0000, 0x0000, 0x0000,
    0x1bc6, 0x1bc6, 0x1bc6, 0x1bc6, 0x1bc6, 0x1bc6, 0x1bc6, 0x1bc6, 0x1bc6, 0x0000, 0x0000, 0x0000, 0x0000, 0x0000, 0x0000, 0x0000,
    0xd342, 0xd342, 0xd342, 0xd342, 0xd342, 0xd342, 0xd342, 0xd342, 0xd342, 0xd342, 0x0000, 0x0000, 0x0000, 0x0000, 0x0000, 0x0000,
    0x0000, 0x0000, 0x0000, 0x0000, 0x0000, 0x0000, 0x0000, 0x0000, 0x0000, 0x0000, 0x0000, 0x0000, 0x0000, 0x0000, 0x0000, 0x0000,
    0x0000, 0x0000, 0x0000, 0x0000, 0x0000, 0x0000, 0x0000, 0x0000, 0x0000, 0x0000, 0x0000, 0x0000, 0x0000, 0x0000, 0x0000, 0x0000,
    0x0000, 0x0000, 0x0000, 0x0000, 0x0000, 0x0000, 0x0000, 0x0000, 0x0000, 0x0000, 0x0000, 0x0000, 0x0000, 0x0000, 0x0000, 0x0000,
    0x0000, 0x0000, 0x0000, 0x0000, 0x0000, 0x0000, 0x0000, 0x0000, 0x0000, 0x0000, 0x0000, 0x0000, 0x0000, 0x0000, 0x0000, 0x0000,
    0x0000, 0x0000, 0x0000, 0x0000, 0x0000, 0x0000, 0x0000, 0x0000, 0x0000, 0x0000, 0x0000, 0x0000, 0x0000, 0x0000, 0x0000, 0x0000,
    0x0000, 0x0000, 0x0000, 0x0000, 0x0000, 0x0000, 0x0000, 0x0000, 0x0000, 0x0000, 0x0000, 0x0000, 0x0000, 0x0000, 0x0000, 0x0000,
    0x0000, 0x1bc6, 0x1bc6, 0x1bc6, 0x1bc6, 0x1bc6, 0x1bc6, 0x1bc6, 0x1bc6, 0x1bc6, 0x1bc6, 0x1bc6, 0x1bc6, 0x1bc6, 0x1bc6, 0x0000,
    0x0000, 0x1bc6, 0x1bc6, 0x1bc6, 0x1bc6, 0x1bc6, 0x1bc6, 0x1bc6, 0x1bc6, 0x1bc6, 0x1bc6, 0x1bc6, 0x1bc6, 0x0000, 0x0000, 0x0000,
    0x1bc6, 0x1bc6, 0x1bc6, 0x1bc6, 0x1bc6, 0x1bc6, 0x1bc6, 0x1bc6, 0x1bc6, 0x1bc6, 0x1bc6, 0x1bc6, 0x0000, 0x0000, 0xd342, 0xd342,
    0xd342, 0xd342, 0xd342, 0xd342, 0xd342, 0xd342, 0xd342, 0xd342, 0xd342, 0x0000, 0x0000, 0x0000, 0x0000, 0x0000, 0x0000, 0x0000,
    0x0000, 0x0000, 0x0000, 0x0000, 0x0000, 0x0000, 0x0000, 0x0000, 0x0000, 0x0000, 0x0000, 0x0000, 0x0000, 0x0000, 0x0000, 0x0000,
    0x0000, 0x0000, 0x0000, 0x0000, 0x0000, 0x0000, 0x0000, 0x0000, 0x0000, 0x0000, 0x0000, 0x0000, 0x0000, 0x0000, 0x0000, 0x0000,
    0x0000, 0x0000, 0x0000, 0x0000, 0x0000, 0x0000, 0x0000, 0x0000, 0x0000, 0x0000, 0x0000, 0x0000, 0x0000, 0x0000, 0x0000, 0x0000,
    0x0000, 0x0000, 0x0000, 0x0000, 0x0000, 0x0000, 0x0000, 0x0000, 0x0000, 0x0000, 0x0000, 0x0000, 0x0000, 0x0000, 0x0000, 0x0000,
    0x0000, 0x0000, 0x0000, 0x0000, 0x0000, 0x0000, 0x0000, 0x0000, 0x0000, 0x0000, 0x0000, 0x0000, 0x0000, 0x0000, 0x0000, 0x0000,
    0x0000, 0x0000, 0x0000, 0x0000, 0x0000, 0x0000, 0x0000, 0x0000, 0x0000, 0x0000, 0x0000, 0x0000, 0x0000, 0x0000, 0x0000, 0x0000,
    0x0000, 0x1bc6, 0x1bc6, 0x1bc6, 0x1bc6, 0x1bc6, 0x1bc6, 0x1bc6, 0x1bc6, 0x1bc6, 0x1bc6, 0x1bc6, 0x1bc6, 0x1bc6, 0x1bc6, 0x0000,
    0x0000, 0x0000, 0x1bc6, 0x1bc6, 0x1bc6, 0x1bc6, 0x1bc6, 0x1bc6, 0x1bc6, 0x1bc6, 0x1bc6, 0x1bc6, 0x1bc6, 0x1bc6, 0x1bc6, 0x1bc6,
    0x1bc6, 0x1bc6, 0x1bc6, 0x1bc6, 0x1bc6, 0x1bc6, 0x1bc6, 0x1bc6, 0x1bc6, 0x1bc6, 0x1bc6, 0x1bc6, 0x1bc6, 0x0000, 0xd342, 0xd342,
    0xd342, 0xd342, 0xd342, 0xd342, 0xd342, 0xd342, 0xd342, 0xd342, 0xd342, 0x0000, 0x0000, 0x0000, 0x0000, 0x0000, 0x0000, 0x0000,
    0x0000, 0x0000, 0x0000, 0x0000, 0x0000, 0x0000, 0x0000, 0x0000, 0x0000, 0x0000, 0x0000, 0x0000, 0x0000, 0x0000, 0x0000, 0x0000,
    0x0000, 0x0000, 0x0000, 0x0000, 0x0000, 0x0000, 0x0000, 0x0000, 0x0000, 0x0000, 0x0000, 0x0000, 0x0000, 0x0000, 0x0000, 0x0000,
    0x0000, 0x0000, 0x0000, 0x0000, 0x0000, 0x0000, 0x0000, 0x0000, 0x0000, 0x0000, 0x0000, 0x0000, 0x0000, 0x0000, 0x0000, 0x0000,
    0x0000, 0x0000, 0x0000, 0x0000, 0x0000, 0x0000, 0x0000, 0x0000, 0x0000, 0x0000, 0x0000, 0x0000, 0x0000, 0x0000, 0x0000, 0x0000,
    0x0000, 0x0000, 0x0000, 0x0000, 0x0000, 0x0000, 0x0000, 0x0000, 0x0000, 0x0000, 0x0000, 0x0000, 0x0000, 0x0000, 0x0000, 0x0000,
    0x0000, 0x0000, 0x0000, 0x0000, 0x0000, 0x0000, 0x0000, 0x0000, 0x0000, 0x0000, 0x0000, 0x0000, 0x0000, 0x0000, 0x0000, 0x0000,
    0x0000, 0x1bc6, 0x1bc6, 0x1bc6, 0x1bc6, 0x1bc6, 0x1bc6, 0x1bc6, 0x1bc6, 0x1bc6, 0x1bc6, 0x1bc6, 0x1bc6, 0x1bc6, 0x1bc6, 0x1bc6,
    0x0000, 0x0000, 0x0000, 0x1bc6, 0x1bc6, 0x1bc6, 0x1bc6, 0x1bc6, 0x1bc6, 0x1bc6, 0x1bc6, 0x1bc6, 0x1bc6, 0x1bc6, 0x1bc6, 0x1bc6,
    0x1bc6, 0x1bc6, 0x1bc6, 0x1bc6, 0x1bc6, 0x1bc6, 0x1bc6, 0x1bc6, 0x1bc6, 0x1bc6, 0x1bc6, 0x1bc6, 0x1bc6, 0x0000, 0xd342, 0xd342,
    0xd342, 0xd342, 0xd342, 0xd342, 0xd342, 0xd342, 0xd342, 0xd342, 0xd342, 0x0000, 0x0000, 0x0000, 0x0000, 0x0000, 0x0000, 0x0000,
    0x0000, 0x0000, 0x0000, 0x0000, 0x0000, 0x0000, 0x0000, 0x0000, 0x0000, 0x0000, 0x0000, 0x0000, 0x0000, 0x0000, 0x0000, 0x0000,
    0x0000, 0x0000, 0x0000, 0x0000, 0x0000, 0x0000, 0x0000, 0x0000, 0x0000, 0x0000, 0x0000, 0x0000, 0x0000, 0x0000, 0x0000, 0x0000,
    0x0000, 0x0000, 0x0000, 0x0000, 0x0000, 0x0000, 0x0000, 0x0000, 0x0000, 0x0000, 0x0000, 0x0000, 0x0000, 0x0000, 0x0000, 0x0000,
    0x0000, 0x0000, 0x0000, 0x0000, 0x0000, 0x0000, 0x0000, 0x0000, 0x0000, 0x0000, 0x0000, 0x0000, 0x0000, 0x0000, 0x0000, 0x0000,
    0x0000, 0x0000, 0x0000, 0x0000, 0x0000, 0x0000, 0x0000, 0x0000, 0x0000, 0x0000, 0x0000, 0x0000, 0x0000, 0x0000, 0x0000, 0x0000,
    0x0000, 0x0000, 0x0000, 0x0000, 0x0000, 0x0000, 0x0000, 0x0000, 0x0000, 0x0000, 0x0000, 0x0000, 0x0000, 0x0000, 0x0000, 0x0000,
    0x0000, 0x1bc6, 0x1bc6, 0x1bc6, 0x1bc6, 0x1bc6, 0x1bc6, 0x1bc6, 0x1bc6, 0x1bc6, 0x1bc6, 0x1bc6, 0x1bc6, 0x1bc6, 0x1bc6, 0x1bc6,
    0x1bc6, 0x0000, 0x0000, 0x0000, 0x1bc6, 0x1bc6, 0x1bc6, 0x1bc6, 0x1bc6, 0x1bc6, 0x1bc6, 0x1bc6, 0x1bc6, 0x1bc6, 0x1bc6, 0x1bc6,
    0x1bc6, 0x1bc6, 0x1bc6, 0x1bc6, 0x0000, 0x0000, 0x1bc6, 0x1bc6, 0x1bc6, 0x1bc6, 0x1bc6, 0x1bc6, 0x1bc6, 0x0000, 0xd342, 0xd342,
    0xd342, 0xd342, 0xd342, 0xd342, 0xd342, 0xd342, 0xd342, 0xd342, 0xd342, 0xd342, 0x0000, 0x0000, 0x0000, 0x0000, 0x0000, 0x0000,
    0x0000, 0x0000, 0x0000, 0x0000, 0x2cd7, 0x0000, 0x0000, 0x0000, 0x0000, 0x0000, 0x0000, 0x0000, 0x0000, 0x0000, 0x0000, 0x0000,
    0x0000, 0x0000, 0x0000, 0x0000, 0x0000, 0x0000, 0x0000, 0x0000, 0x0000, 0x0000, 0x0000, 0x0000, 0x0000, 0x0000, 0x0000, 0x0000,
    0x0000, 0x0000, 0x0000, 0x0000, 0x0000, 0x0000, 0x0000, 0x0000, 0x0000, 0x0000, 0x0000, 0x0000, 0x0000, 0x0000, 0x0000, 0x0000,
    0x0000, 0x0000, 0x0000, 0x0000, 0x0000, 0x0000, 0x0000, 0x0000, 0x0000, 0x0000, 0x0000, 0x0000, 0x0000, 0x0000, 0x0000, 0x0000,
    0x0000, 0x0000, 0x0000, 0x0000, 0x0000, 0x0000, 0x0000, 0x0000, 0x0000, 0x0000, 0x0000, 0x0000, 0x0000, 0x0000, 0x0000, 0x0000,
    0x0000, 0x0000, 0x0000, 0x0000, 0x0000, 0x0000, 0x0000, 0x0000, 0x0000, 0x0000, 0x0000, 0x0000, 0x0000, 0x0000, 0x0000, 0x0000,
    0x0000, 0x1bc6, 0x1bc6, 0x1bc6, 0x1bc6, 0x1bc6, 0x1bc6, 0x1bc6, 0x1bc6, 0x1bc6, 0x1bc6, 0x1bc6, 0x1bc6, 0x1bc6, 0x1bc6, 0x1bc6,
    0x1bc6, 0x1bc6, 0x0000, 0x0000, 0x0000, 0x1bc6, 0x1bc6, 0x1bc6, 0x1bc6, 0x1bc6, 0x1bc6, 0x1bc6, 0x1bc6, 0x1bc6, 0x1bc6, 0x1bc6,
    0x1bc6, 0x1bc6, 0x1bc6, 0x0000, 0x0000, 0x0000, 0x0000, 0x1bc6, 0x1bc6, 0x1bc6, 0x1bc6, 0x1bc6, 0x1bc6, 0x0000, 0xd342, 0xd342,
    0xd342, 0xd342, 0xd342, 0xd342, 0xd342, 0xd342, 0xd342, 0xd342, 0xd342, 0xd342, 0x0000, 0x0000, 0x0000, 0x0000, 0x0000, 0x2cd7,
    0x2cd7, 0x2cd7, 0x2cd7, 0x2cd7, 0x2cd7, 0x0000, 0x0000, 0x0000, 0x0000, 0x0000, 0x0000, 0x0000, 0x0000, 0x0000, 0x0000, 0x0000,
    0x0000, 0x0000, 0x0000, 0x0000, 0x0000, 0x0000, 0x0000, 0x0000, 0x0000, 0x0000, 0x0000, 0x0000, 0x0000, 0x0000, 0x0000, 0x0000,
    0x0000, 0x0000, 0x0000, 0x0000, 0x0000, 0x0000, 0x0000, 0x0000, 0x0000, 0x0000, 0x0000, 0x0000, 0x0000, 0x0000, 0x0000, 0x0000,
    0x0000, 0x0000, 0x0000, 0x0000, 0x0000, 0x0000, 0x0000, 0x0000, 0x0000, 0x0000, 0x0000, 0x0000, 0x0000, 0x0000, 0x0000, 0x0000,
    0x0000, 0x0000, 0x0000, 0x0000, 0x0000, 0x0000, 0x0000, 0x0000, 0x0000, 0x0000, 0x0000, 0x0000, 0x0000, 0x0000, 0x0000, 0x0000,
    0x0000, 0x0000, 0x0000, 0x0000, 0x0000, 0x0000, 0x0000, 0x0000, 0x0000, 0x0000, 0x0000, 0x0000, 0x0000, 0x0000, 0x0000, 0x0000,
    0x0000, 0x1bc6, 0x1bc6, 0x1bc6, 0x1bc6, 0x1bc6, 0x1bc6, 0x1bc6, 0x1bc6, 0x1bc6, 0x1bc6, 0x1bc6, 0x1bc6, 0x1bc6, 0x1bc6, 0x1bc6,
    0x1bc6, 0x1bc6, 0x1bc6, 0x0000, 0x0000, 0x0000, 0x0000, 0x0000, 0x0000, 0x0000, 0x0000, 0x0000, 0x0000, 0x0000, 0x0000, 0x0000,
    0x0000, 0x0000, 0x0000, 0x0000, 0x0000, 0x0000, 0x0000, 0x1bc6, 0x1bc6, 0x1bc6, 0x1bc6, 0x1bc6, 0x1bc6, 0x0000, 0xd342, 0xd342,
    0xd342, 0xd342, 0xd342, 0xd342, 0xd342, 0xd342, 0xd342, 0xd342, 0xd342, 0xd342, 0xd342, 0x0000, 0x0000, 0x0000, 0x0000, 0x2cd7,
    0x2cd7, 0x2cd7, 0x2cd7, 0x2cd7, 0x2cd7, 0x0000, 0x0000, 0x0000, 0x0000, 0x0000, 0x0000, 0x0000, 0x0000, 0x0000, 0x0000, 0x0000,
    0x0000, 0x0000, 0x0000, 0x0000, 0x0000, 0x0000, 0x0000, 0x0000, 0x0000, 0x0000, 0x0000, 0x0000, 0x0000, 0x0000, 0x0000, 0x0000,
    0x0000, 0x0000, 0x0000, 0x0000, 0x0000, 0x0000, 0x0000, 0x0000, 0x0000, 0x0000, 0x0000, 0x0000, 0x0000, 0x0000, 0x0000, 0x0000,
    0x0000, 0x0000, 0x0000, 0x0000, 0x0000, 0x0000, 0x0000, 0x0000, 0x0000, 0x0000, 0x0000, 0x0000, 0x0000, 0x0000, 0x0000, 0x0000,
    0x0000, 0x0000, 0x0000, 0x0000, 0x0000, 0x0000, 0x0000, 0x0000, 0x0000, 0x0000, 0x0000, 0x0000, 0x0000, 0x0000, 0x0000, 0x0000,
    0x0000, 0x0000, 0x0000, 0x0000, 0x0000, 0x0000, 0x0000, 0x0000, 0x0000, 0x0000, 0x0000, 0x0000, 0x0000, 0x0000, 0x0000, 0x0000,
    0x0000, 0x1bc6, 0x1bc6, 0x1bc6, 0x1bc6, 0x1bc6, 0x1bc6, 0x1bc6, 0x0000, 0x0000, 0x0000, 0x0000, 0x1bc6, 0x1bc6, 0x1bc6, 0x1bc6,
    0x1bc6, 0x1bc6, 0x1bc6, 0x1bc6, 0x1bc6, 0x1bc6, 0x1bc6, 0x1bc6, 0x1bc6, 0x1bc6, 0x1bc6, 0x1bc6, 0x1bc6, 0x1bc6, 0x1bc6, 0x1bc6,
    0x1bc6, 0x1bc6, 0x1bc6, 0x1bc6, 0x0000, 0x0000, 0x0000, 0x1bc6, 0x1bc6, 0x1bc6, 0x1bc6, 0x1bc6, 0x1bc6, 0x0000, 0xd342, 0xd342,
    0xd342, 0xd342, 0xd342, 0x0000, 0x0000, 0xd342, 0xd342, 0xd342, 0xd342, 0x0000, 0x0000, 0x0000, 0x0000, 0x0000, 0x0000, 0x2cd7,
    0x2cd7, 0x2cd7, 0x2cd7, 0x2cd7, 0x2cd7, 0x0000, 0x0000, 0x0000, 0x0000, 0x0000, 0x0000, 0x0000, 0x0000, 0x0000, 0x0000, 0x0000,
    0x0000, 0x0000, 0x0000, 0x0000, 0x0000, 0x0000, 0x0000, 0x0000, 0x0000, 0x0000, 0x0000, 0x0000, 0x0000, 0x0000, 0x0000, 0x0000,
    0x0000, 0x0000, 0x0000, 0x0000, 0x0000, 0x0000, 0x0000, 0x0000, 0x0000, 0x0000, 0x0000, 0x0000, 0x0000, 0x0000, 0x0000, 0x0000,
    0x0000, 0x0000, 0x0000, 0x0000, 0x0000, 0x0000, 0x0000, 0x0000, 0x0000, 0x0000, 0x0000, 0x0000, 0x0000, 0x0000, 0x0000, 0x0000,
    0x0000, 0x0000, 0x0000, 0x0000, 0x0000, 0x0000, 0x0000, 0x0000, 0x0000, 0x0000, 0x0000, 0x0000, 0x0000, 0x0000, 0x0000, 0x0000,
    0x0000, 0x0000, 0x0000, 0x0000, 0x0000, 0x0000, 0x0000, 0x0000, 0x0000, 0x0000, 0x0000, 0x0000, 0x0000, 0x0000, 0x0000, 0x0000,
    0x0000, 0x1bc6, 0x1bc6, 0x1bc6, 0x1bc6, 0x1bc6, 0x1bc6, 0x1bc6, 0x0000, 0x0000, 0x0000, 0x0000, 0x1bc6, 0x1bc6, 0x1bc6, 0x1bc6,
    0x1bc6, 0x1bc6, 0x1bc6, 0x1bc6, 0x1bc6, 0x1bc6, 0x1bc6, 0x1bc6, 0x1bc6, 0x1bc6, 0x1bc6, 0x1bc6, 0x1bc6, 0x1bc6, 0x1bc6, 0x1bc6,
    0x1bc6, 0x1bc6, 0x1bc6, 0x1bc6, 0x1bc6, 0x1bc6, 0x1bc6, 0x1bc6, 0x1bc6, 0x1bc6, 0x1bc6, 0x1bc6, 0x1bc6, 0x0000, 0xd342, 0xd342,
    0xd342, 0xd342, 0x0000, 0x0000, 0x0000, 0x0000, 0x0000, 0xd342, 0x0000, 0x0000, 0x0000, 0x0000, 0x0000, 0x0000, 0x0000, 0x2cd7,
    0x2cd7, 0x2cd7, 0x2cd7, 0x2cd7, 0x2cd7, 0x0000, 0x0000, 0x0000, 0x0000, 0x0000, 0x0000, 0x0000, 0x0000, 0x0000, 0x0000, 0x0000,
    0x0000, 0x0000, 0x0000, 0x0000, 0x0000, 0x0000, 0x0000, 0x0000, 0x0000, 0x0000, 0x0000, 0x0000, 0x0000, 0x0000, 0x0000, 0x0000,
    0x0000, 0x0000, 0x0000, 0x0000, 0x0000, 0x0000, 0x0000, 0x0000, 0x0000, 0x0000, 0x0000, 0x0000, 0x0000, 0x0000, 0x0000, 0x0000,
    0x0000, 0x0000, 0x0000, 0x0000, 0x0000, 0x0000, 0x0000, 0x0000, 0x0000, 0x0000, 0x0000, 0x0000, 0x0000, 0x0000, 0x0000, 0x0000,
    0x0000, 0x0000, 0x0000, 0x0000, 0x0000, 0x0000, 0x0000, 0x0000, 0x0000, 0x0000, 0x0000, 0x0000, 0x0000, 0x0000, 0x0000, 0x0000,
    0x0000, 0x0000, 0x0000, 0x0000, 0x0000, 0x0000, 0x0000, 0x0000, 0x0000, 0x0000, 0x0000, 0x0000, 0x0000, 0x0000, 0x0000, 0x0000,
    0x0000, 0x1bc6, 0x1bc6, 0x1bc6, 0x1bc6, 0x1bc6, 0x1bc6, 0x1bc6, 0x0000, 0x0000, 0x0000, 0x0000, 0x1bc6, 0x1bc6, 0x1bc6, 0x1bc6,
    0x1bc6, 0x1bc6, 0x1bc6, 0x1bc6, 0x1bc6, 0x1bc6, 0x1bc6, 0x1bc6, 0x1bc6, 0x1bc6, 0x1bc6, 0x1bc6, 0x1bc6, 0x1bc6, 0x1bc6, 0x1bc6,
    0x1bc6, 0x1bc6, 0x1bc6, 0x1bc6, 0x1bc6, 0x1bc6, 0x1bc6, 0x1bc6, 0x1bc6, 0x1bc6, 0x1bc6, 0x1bc6, 0x1bc6, 0x0000, 0xd342, 0xd342,
    0xd342, 0xd342, 0x0000, 0x0000, 0x0000, 0x0000, 0x0000, 0x0000, 0x0000, 0x0000, 0x0000, 0x0000, 0x0000, 0x0000, 0x0000, 0x2cd7,
    0x2cd7, 0x2cd7, 0x2cd7, 0x2cd7, 0x2cd7, 0x0000, 0x0000, 0x0000, 0x0000, 0x0000, 0x0000, 0x0000, 0x0000, 0x0000, 0x0000, 0x0000,
    0x0000, 0x0000, 0x0000, 0x0000, 0x0000, 0x0000, 0x0000, 0x0000, 0x0000, 0x0000, 0x0000, 0x0000, 0x0000, 0x0000, 0x0000, 0x0000,
    0x0000, 0x0000, 0x0000, 0x0000, 0x0000, 0x0000, 0x0000, 0x0000, 0x0000, 0x0000, 0x0000, 0x0000, 0x0000, 0x0000, 0x0000, 0x0000,
    0x0000, 0x0000, 0x0000, 0x0000, 0x0000, 0x0000, 0x0000, 0x0000, 0x0000, 0x0000, 0x0000, 0x0000, 0x0000, 0x0000, 0x0000, 0x0000,
    0x0000, 0x0000, 0x0000, 0x0000, 0x0000, 0x0000, 0x0000, 0x0000, 0x0000, 0x0000, 0x0000, 0x0000, 0x0000, 0x0000, 0x0000, 0x0000,
    0x0000, 0x0000, 0x0000, 0x0000, 0x0000, 0x0000, 0x0000, 0x0000, 0x0000, 0x0000, 0x0000, 0x0000, 0x0000, 0x0000, 0x0000, 0x0000,
    0x0000, 0x1bc6, 0x1bc6, 0x1bc6, 0x1bc6, 0x1bc6, 0x1bc6, 0x1bc6, 0x1bc6, 0x0000, 0x0000, 0x0000, 0x1bc6, 0x1bc6, 0x1bc6, 0x1bc6,
    0x1bc6, 0x1bc6, 0x1bc6, 0x1bc6, 0x1bc6, 0x1bc6, 0x1bc6, 0x1bc6, 0x1bc6, 0x1bc6, 0x1bc6, 0x1bc6, 0x1bc6, 0x1bc6, 0x1bc6, 0x1bc6,
    0x1bc6, 0x1bc6, 0x1bc6, 0x1bc6, 0x1bc6, 0x1bc6, 0x1bc6, 0x1bc6, 0x1bc6, 0x1bc6, 0x1bc6, 0x1bc6, 0x1bc6, 0x0000, 0xd342, 0xd342,
    0xd342, 0xd342, 0x0000, 0x0000, 0x0000, 0x0000, 0x0000, 0x0000, 0x0000, 0x0000, 0x0000, 0x0000, 0x0000, 0x0000, 0x0000, 0x2cd7,
    0x2cd7, 0x2cd7, 0x2cd7, 0x2cd7, 0x2cd7, 0x0000, 0x0000, 0x0000, 0x0000, 0x0000, 0x0000, 0x0000, 0x0000, 0x0000, 0x0000, 0x0000,
    0x0000, 0x0000, 0x0000, 0x0000, 0x0000, 0x0000, 0x0000, 0x0000, 0x0000, 0x0000, 0x0000, 0x0000, 0x0000, 0x0000, 0x0000, 0x0000,
    0x0000, 0x0000, 0x0000, 0x0000, 0x0000, 0x0000, 0x0000, 0x0000, 0x0000, 0x0000, 0x0000, 0x0000, 0x0000, 0x0000, 0x0000, 0x0000,
    0x0000, 0x0000, 0x0000, 0x0000, 0x0000, 0x0000, 0x0000, 0x0000, 0x0000, 0x0000, 0x0000, 0x0000, 0x0000, 0x0000, 0x0000, 0x0000,
    0x0000, 0x0000, 0x0000, 0x0000, 0x0000, 0x0000, 0x0000, 0x0000, 0x0000, 0x0000, 0x0000, 0x0000, 0x0000, 0x0000, 0x0000, 0x0000,
    0x0000, 0x0000, 0x0000, 0x0000, 0x0000, 0x0000, 0x0000, 0x0000, 0x0000, 0x0000, 0x0000, 0x0000, 0x0000, 0x0000, 0x0000, 0x0000,
    0x0000, 0x1bc6, 0x1bc6, 0x1bc6, 0x1bc6, 0x1bc6, 0x1bc6, 0x1bc6, 0x1bc6, 0x1bc6, 0x1bc6, 0x1bc6, 0x1bc6, 0x1bc6, 0x1bc6, 0x1bc6,
    0x1bc6, 0x1bc6, 0x1bc6, 0x1bc6, 0x1bc6, 0x1bc6, 0x1bc6, 0x1bc6, 0x1bc6, 0x1bc6, 0x1bc6, 0x1bc6, 0x1bc6, 0x1bc6, 0x1bc6, 0x1bc6,
    0x1bc6, 0x1bc6, 0x1bc6, 0x1bc6, 0x1bc6, 0x1bc6, 0x1bc6, 0x1bc6, 0x1bc6, 0x1bc6, 0x1bc6, 0x1bc6, 0x1bc6, 0x0000, 0xd342, 0xd342,
    0xd342, 0x0000, 0x0000, 0x0000, 0x0000, 0x0000, 0x0000, 0x0000, 0x0000, 0x0000, 0x0000, 0x0000, 0x0000, 0x0000, 0x0000, 0x2cd7,
    0x2cd7, 0x2cd7, 0x2cd7, 0x2cd7, 0x2cd7, 0x0000, 0x0000, 0x0000, 0x0000, 0x0000, 0x0000, 0x0000, 0x0000, 0x0000, 0x0000, 0x0000,
    0x0000, 0x0000, 0x0000, 0x0000, 0x0000, 0x0000, 0x0000, 0x0000, 0x0000, 0x0000, 0x0000, 0x0000, 0x0000, 0x0000, 0x0000, 0x0000,
    0x0000, 0x0000, 0x0000, 0x0000, 0x0000, 0x0000, 0x0000, 0x0000, 0x0000, 0x0000, 0x0000, 0x0000, 0x0000, 0x0000, 0x0000, 0x0000,
    0x0000, 0x0000, 0x0000, 0x0000, 0x0000, 0x0000, 0x0000, 0x0000, 0x0000, 0x0000, 0x0000, 0x0000, 0x0000, 0x0000, 0x0000, 0x0000,
    0x0000, 0x0000, 0x0000, 0x0000, 0x0000, 0x0000, 0x0000, 0x0000, 0x0000, 0x0000, 0x0000, 0x0000, 0x0000, 0x0000, 0x0000, 0x0000,
    0x0000, 0x0000, 0x0000, 0x0000, 0x0000, 0x0000, 0x0000, 0x0000, 0x0000, 0x0000, 0x0000, 0x0000, 0x0000, 0x0000, 0x0000, 0x0000,
    0x0000, 0x1bc6, 0x1bc6, 0x1bc6, 0x1bc6, 0x1bc6, 0x1bc6, 0x1bc6, 0x1bc6, 0x1bc6, 0x1bc6, 0x1bc6, 0x1bc6, 0x1bc6, 0x1bc6, 0x1bc6,
    0x1bc6, 0x1bc6, 0x1bc6, 0x1bc6, 0x1bc6, 0x1bc6, 0x1bc6, 0x1bc6, 0x1bc6, 0x1bc6, 0x1bc6, 0x1bc6, 0x1bc6, 0x1bc6, 0x1bc6, 0x1bc6,
    0x1bc6, 0x1bc6, 0x1bc6, 0x1bc6, 0x1bc6, 0x1bc6, 0x1bc6, 0x1bc6, 0x1bc6, 0x1bc6, 0x1bc6, 0x1bc6, 0x1bc6, 0x0000, 0xd342, 0xd342,
    0x0000, 0x0000, 0x0000, 0x0000, 0x0000, 0x0000, 0x0000, 0x0000, 0x0000, 0x0000, 0x0000, 0x0000, 0x0000, 0x0000, 0x0000, 0x2cd7,
    0x2cd7, 0x2cd7, 0x2cd7, 0x2cd7, 0x2cd7, 0x0000, 0x0000, 0x0000, 0x0000, 0x0000, 0x0000, 0x0000, 0x0000, 0x0000, 0x0000, 0x0000,
    0x0000, 0x0000, 0x0000, 0x0000, 0x0000, 0x0000, 0x0000, 0x0000, 0x0000, 0x0000, 0x0000, 0x0000, 0x0000, 0x0000, 0x0000, 0x0000,
    0x0000, 0x0000, 0x0000, 0x0000, 0x0000, 0x0000, 0x0000, 0x0000, 0x0000, 0x0000, 0x0000, 0x0000, 0x0000, 0x0000, 0x0000, 0x0000,
    0x0000, 0x0000, 0x0000, 0x0000, 0x0000, 0x0000, 0x0000, 0x0000, 0x0000, 0x1bc6, 0x1bc6, 0x1bc6, 0x1bc6, 0x1bc6, 0x0000, 0x0000,
    0x0000, 0x0000, 0x0000, 0x0000, 0x0000, 0x0000, 0x0000, 0x0000, 0x0000, 0x1bc6, 0x1bc6, 0x1bc6, 0x1bc6, 0x1bc6, 0x1bc6, 0x0000,
    0x0000, 0x0000, 0x0000, 0x0000, 0x0000, 0x0000, 0x0000, 0x0000, 0x0000, 0x0000, 0x0000, 0x1bc6, 0x1bc6, 0x1bc6, 0x1bc6, 0x0000,
    0x0000, 0x0000, 0x0000, 0x0000, 0x0000, 0x0000, 0x0000, 0x0000, 0x0000, 0x1bc6, 0x1bc6, 0x1bc6, 0x1bc6, 0x0000, 0x0000, 0x0000,
    0x0000, 0x0000, 0x0000, 0x0000, 0x0000, 0x0000, 0x0000, 0x0000, 0x0000, 0x2cd7, 0x2cd7, 0x2cd7, 0x0000, 0x0000, 0x0000, 0x0000,
    0x0000, 0x0000, 0x0000, 0x2cd7, 0x2cd7, 0x0000, 0x0000, 0x0000, 0x0000, 0x0000, 0x0000, 0x0000, 0x0000, 0x0000, 0x0000, 0x0000,
    0x0000, 0x2cd7, 0x2cd7, 0x2cd7, 0x2cd7, 0x2cd7, 0x0000, 0x0000, 0x0000, 0x0000, 0x0000, 0x0000, 0x0000, 0x0000, 0x0000, 0x2cd7,
    0x2cd7, 0x2cd7, 0x2cd7, 0x2cd7, 0x2cd7, 0x0000, 0x0000, 0x0000, 0x0000, 0x0000, 0x0000, 0x0000, 0x0000, 0x0000, 0x0000, 0x0000,
    0x0000, 0x0000, 0x0000, 0x0000, 0x0000, 0x0000, 0x2cd7, 0x2cd7, 0x2cd7, 0x2cd7, 0x2cd7, 0x0000, 0x0000, 0x0000, 0x0000, 0x0000,
    0x0000, 0x0000, 0x0000, 0x0000, 0x0000, 0x0000, 0x0000, 0x0000, 0x0000, 0x0000, 0x0000, 0x2cd7, 0x2cd7, 0x0000, 0x0000, 0x0000,
    0x0000, 0x0000, 0x0000, 0x0000, 0x0000, 0x0000, 0x0000, 0x1bc6, 0x1bc6, 0x1bc6, 0x1bc6, 0x1bc6, 0x1bc6, 0x1bc6, 0x1bc6, 0x1bc6,
    0x1bc6, 0x1bc6, 0x1bc6, 0x1bc6, 0x0000, 0x0000, 0x0000, 0x0000, 0x1bc6, 0x1bc6, 0x1bc6, 0x1bc6, 0x1bc6, 0x1bc6, 0x1bc6, 0x1bc6,
    0x1bc6, 0x1bc6, 0x0000, 0x0000, 0x0000, 0x1bc6, 0x1bc6, 0x1bc6, 0x1bc6, 0x1bc6, 0x1bc6, 0x1bc6, 0x1bc6, 0x1bc6, 0x1bc6, 0x1bc6,
    0x1bc6, 0x0000, 0x0000, 0x0000, 0x0000, 0x0000, 0x0000, 0x1bc6, 0x1bc6, 0x1bc6, 0x1bc6, 0x1bc6, 0x1bc6, 0x0000, 0x0000, 0x0000,
    0x2cd7, 0x2cd7, 0x2cd7, 0x2cd7, 0x2cd7, 0x2cd7, 0x0000, 0x2cd7, 0x2cd7, 0x2cd7, 0x2cd7, 0x2cd7, 0x2cd7, 0x2cd7, 0x0000, 0x0000,
    0x0000, 0x2cd7, 0x2cd7, 0x2cd7, 0x2cd7, 0x2cd7, 0x2cd7, 0x2cd7, 0x0000, 0x0000, 0x0000, 0x0000, 0x0000, 0x0000, 0x0000, 0x2cd7,
    0x2cd7, 0x2cd7, 0x2cd7, 0x2cd7, 0x2cd7, 0x2cd7, 0x2cd7, 0x2cd7, 0x2cd7, 0x2cd7, 0x2cd7, 0x2cd7, 0x0000, 0x0000, 0x0000, 0x2cd7,
    0x2cd7, 0x2cd7, 0x2cd7, 0x2cd7, 0x2cd7, 0x0000, 0x0000, 0x0000, 0x2cd7, 0x2cd7, 0x2cd7, 0x2cd7, 0x2cd7, 0x2cd7, 0x2cd7, 0x0000,
    0x0000, 0x0000, 0x0000, 0x0000, 0x2cd7, 0x2cd7, 0x2cd7, 0x2cd7, 0x2cd7, 0x2cd7, 0x2cd7, 0x2cd7, 0x2cd7, 0x0000, 0x0000, 0x0000,
    0x0000, 0x0000, 0x2cd7, 0x2cd7, 0x2cd7, 0x2cd7, 0x2cd7, 0x0000, 0x0000, 0x2cd7, 0x2cd7, 0x2cd7, 0x2cd7, 0x0000, 0x0000, 0x0000,
    0x0000, 0x0000, 0x0000, 0x0000, 0x0000, 0x1bc6, 0x1bc6, 0x1bc6, 0x1bc6, 0x1bc6, 0x1bc6, 0x1bc6, 0x1bc6, 0x1bc6, 0x1bc6, 0x1bc6,
    0x1bc6, 0x1bc6, 0x1bc6, 0x1bc6, 0x0000, 0x0000, 0x0000, 0x1bc6, 0x1bc6, 0x1bc6, 0x1bc6, 0x1bc6, 0x1bc6, 0x1bc6, 0x1bc6, 0x1bc6,
    0x1bc6, 0x1bc6, 0x0000, 0x0000, 0x0000, 0x1bc6, 0x1bc6, 0x1bc6, 0x1bc6, 0x1bc6, 0x1bc6, 0x1bc6, 0x1bc6, 0x1bc6, 0x1bc6, 0x1bc6,
    0x1bc6, 0x1bc6, 0x1bc6, 0x0000, 0x0000, 0x0000, 0x0000, 0x1bc6, 0x1bc6, 0x1bc6, 0x1bc6, 0x1bc6, 0x1bc6, 0x0000, 0x0000, 0x0000,
    0x2cd7, 0x2cd7, 0x2cd7, 0x2cd7, 0x2cd7, 0x2cd7, 0x2cd7, 0x2cd7, 0x2cd7, 0x2cd7, 0x2cd7, 0x2cd7, 0x2cd7, 0x2cd7, 0x2cd7, 0x0000,
    0x2cd7, 0x2cd7, 0x2cd7, 0x2cd7, 0x2cd7, 0x2cd7, 0x2cd7, 0x2cd7, 0x2cd7, 0x0000, 0x0000, 0x0000, 0x0000, 0x0000, 0x2cd7, 0x2cd7,
    0x2cd7, 0x2cd7, 0x2cd7, 0x2cd7, 0x2cd7, 0x2cd7, 0x2cd7, 0x2cd7, 0x2cd7, 0x2cd7, 0x2cd7, 0x2cd7, 0x0000, 0x0000, 0x0000, 0x2cd7,
    0x2cd7, 0x2cd7, 0x2cd7, 0x2cd7, 0x2cd7, 0x0000, 0x0000, 0x2cd7, 0x2cd7, 0x2cd7, 0x2cd7, 0x2cd7, 0x2cd7, 0x2cd7, 0x0000, 0x0000,
    0x0000, 0x0000, 0x2cd7, 0x2cd7, 0x2cd7, 0x2cd7, 0x2cd7, 0x2cd7, 0x2cd7, 0x2cd7, 0x2cd7, 0x2cd7, 0x2cd7, 0x2cd7, 0x0000, 0x0000,
    0x0000, 0x0000, 0x2cd7, 0x2cd7, 0x2cd7, 0x2cd7, 0x2cd7, 0x2cd7, 0x2cd7, 0x2cd7, 0x2cd7, 0x2cd7, 0x2cd7, 0x0000, 0x0000, 0x0000,
    0x0000, 0x0000, 0x0000, 0x0000, 0x0000, 0x1bc6, 0x1bc6, 0x1bc6, 0x1bc6, 0x1bc6, 0x1bc6, 0x1bc6, 0x1bc6, 0x1bc6, 0x1bc6, 0x1bc6,
    0x1bc6, 0x1bc6, 0x1bc6, 0x1bc6, 0x0000, 0x0000, 0x1bc6, 0x1bc6, 0x1bc6, 0x1bc6, 0x1bc6, 0x1bc6, 0x1bc6, 0x1bc6, 0x1bc6, 0x1bc6,
    0x1bc6, 0x1bc6, 0x0000, 0x0000, 0x0000, 0x1bc6, 0x1bc6, 0x1bc6, 0x1bc6, 0x1bc6, 0x1bc6, 0x1bc6, 0x1bc6, 0x1bc6, 0x1bc6, 0x1bc6,
    0x1bc6, 0x1bc6, 0x1bc6, 0x1bc6, 0x0000, 0x0000, 0x0000, 0x1bc6, 0x1bc6, 0x1bc6, 0x1bc6, 0x1bc6, 0x1bc6, 0x0000, 0x0000, 0x0000,
    0x2cd7, 0x2cd7, 0x2cd7, 0x2cd7, 0x2cd7, 0x2cd7, 0x2cd7, 0x2cd7, 0x2cd7, 0x2cd7, 0x2cd7, 0x2cd7, 0x2cd7, 0x2cd7, 0x2cd7, 0x2cd7,
    0x2cd7, 0x2cd7, 0x2cd7, 0x2cd7, 0x2cd7, 0x2cd7, 0x2cd7, 0x2cd7, 0x2cd7, 0x0000, 0x0000, 0x0000, 0x0000, 0x2cd7, 0x2cd7, 0x2cd7,
    0x2cd7, 0x2cd7, 0x2cd7, 0x2cd7, 0x2cd7, 0x2cd7, 0x2cd7, 0x2cd7, 0x2cd7, 0x2cd7, 0x2cd7, 0x2cd7, 0x0000, 0x0000, 0x0000, 0x2cd7,
    0x2cd7, 0x2cd7, 0x2cd7, 0x2cd7, 0x2cd7, 0x0000, 0x0000, 0x2cd7, 0x2cd7, 0x2cd7, 0x2cd7, 0x2cd7, 0x2cd7, 0x0000, 0x0000, 0x0000,
    0x0000, 0x2cd7, 0x2cd7, 0x2cd7, 0x2cd7, 0x2cd7, 0x2cd7, 0x2cd7, 0x2cd7, 0x2cd7, 0x2cd7, 0x2cd7, 0x2cd7, 0x2cd7, 0x2cd7, 0x0000,
    0x0000, 0x0000, 0x2cd7, 0x2cd7, 0x2cd7, 0x2cd7, 0x2cd7, 0x2cd7, 0x2cd7, 0x2cd7, 0x2cd7, 0x2cd7, 0x2cd7, 0x0000, 0x0000, 0x0000,
    0x0000, 0x0000, 0x0000, 0x0000, 0x1bc6, 0x1bc6, 0x1bc6, 0x1bc6, 0x1bc6, 0x1bc6, 0x1bc6, 0x1bc6, 0x1bc6, 0x1bc6, 0x1bc6, 0x1bc6,
    0x1bc6, 0x1bc6, 0x1bc6, 0x1bc6, 0x0000, 0x0000, 0x1bc6, 0x1bc6, 0x1bc6, 0x1bc6, 0x1bc6, 0x1bc6, 0x0000, 0x0000, 0x1bc6, 0x1bc6,
    0x1bc6, 0x1bc6, 0x0000, 0x0000, 0x0000, 0x1bc6, 0x1bc6, 0x1bc6, 0x1bc6, 0x1bc6, 0x1bc6, 0x1bc6, 0x1bc6, 0x1bc6, 0x1bc6, 0x1bc6,
    0x1bc6, 0x1bc6, 0x1bc6, 0x1bc6, 0x0000, 0x0000, 0x0000, 0x1bc6, 0x1bc6, 0x1bc6, 0x1bc6, 0x1bc6, 0x1bc6, 0x0000, 0x0000, 0x0000,
    0x2cd7, 0x2cd7, 0x2cd7, 0x2cd7, 0x2cd7, 0x2cd7, 0x2cd7, 0x2cd7, 0x2cd7, 0x2cd7, 0x2cd7, 0x2cd7, 0x2cd7, 0x2cd7, 0x2cd7, 0x2cd7,
    0x2cd7, 0x2cd7, 0x2cd7, 0x2cd7, 0x2cd7, 0x2cd7, 0x2cd7, 0x2cd7, 0x2cd7, 0x0000, 0x0000, 0x0000, 0x0000, 0x2cd7, 0x2cd7, 0x2cd7,
    0x2cd7, 0x2cd7, 0x2cd7, 0x2cd7, 0x2cd7, 0x2cd7, 0x2cd7, 0x2cd7, 0x2cd7, 0x2cd7, 0x2cd7, 0x2cd7, 0x0000, 0x0000, 0x0000, 0x2cd7,
    0x2cd7, 0x2cd7, 0x2cd7, 0x2cd7, 0x2cd7, 0x0000, 0x2cd7, 0x2cd7, 0x2cd7, 0x2cd7, 0x2cd7, 0x2cd7, 0x0000, 0x0000, 0x0000, 0x0000,
    0x0000, 0x2cd7, 0x2cd7, 0x2cd7, 0x2cd7, 0x2cd7, 0x2cd7, 0x2cd7, 0x2cd7, 0x2cd7, 0x2cd7, 0x2cd7, 0x2cd7, 0x2cd7, 0x2cd7, 0x0000,
    0x0000, 0x0000, 0x2cd7, 0x2cd7, 0x2cd7, 0x2cd7, 0x2cd7, 0x2cd7, 0x2cd7, 0x2cd7, 0x2cd7, 0x2cd7, 0x2cd7, 0x0000, 0x0000, 0x0000,
    0x0000, 0x0000, 0x0000, 0x0000, 0x1bc6, 0x1bc6, 0x1bc6, 0x1bc6, 0x1bc6, 0x1bc6, 0x1bc6, 0x0000, 0x0000, 0x1bc6, 0x1bc6, 0x1bc6,
    0x1bc6, 0x1bc6, 0x1bc6, 0x1bc6, 0x0000, 0x0000, 0x1bc6, 0x1bc6, 0x1bc6, 0x1bc6, 0x1bc6, 0x1bc6, 0x0000, 0x0000, 0x0000, 0x0000,
    0x1bc6, 0x1bc6, 0x0000, 0x0000, 0x0000, 0x1bc6, 0x1bc6, 0x1bc6, 0x1bc6, 0x1bc6, 0x1bc6, 0x0000, 0x0000, 0x0000, 0x1bc6, 0x1bc6,
    0x1bc6, 0x1bc6, 0x1bc6, 0x1bc6, 0x1bc6, 0x0000, 0x0000, 0x1bc6, 0x1bc6, 0x1bc6, 0x1bc6, 0x1bc6, 0x1bc6, 0x0000, 0x0000, 0x0000,
    0x2cd7, 0x2cd7, 0x2cd7, 0x2cd7, 0x2cd7, 0x2cd7, 0x2cd7, 0x2cd7, 0x2cd7, 0x2cd7, 0x2cd7, 0x2cd7, 0x2cd7, 0x2cd7, 0x2cd7, 0x2cd7,
    0x2cd7, 0x2cd7, 0x2cd7, 0x2cd7, 0x2cd7, 0x2cd7, 0x2cd7, 0x2cd7, 0x2cd7, 0x2cd7, 0x0000, 0x0000, 0x2cd7, 0x2cd7, 0x2cd7, 0x2cd7,
    0x2cd7, 0x2cd7, 0x2cd7, 0x0000, 0x0000, 0x0000, 0x2cd7, 0x2cd7, 0x2cd7, 0x2cd7, 0x2cd7, 0x2cd7, 0x0000, 0x0000, 0x0000, 0x2cd7,
    0x2cd7, 0x2cd7, 0x2cd7, 0x2cd7, 0x2cd7, 0x2cd7, 0x2cd7, 0x2cd7, 0x2cd7, 0x2cd7, 0x2cd7, 0x0000, 0x0000, 0x0000, 0x0000, 0x0000,
    0x2cd7, 0x2cd7, 0x2cd7, 0x2cd7, 0x2cd7, 0x2cd7, 0x0000, 0x0000, 0x0000, 0x0000, 0x2cd7, 0x2cd7, 0x2cd7, 0x2cd7, 0x2cd7, 0x0000,
    0x0000, 0x0000, 0x2cd7, 0x2cd7, 0x2cd7, 0x2cd7, 0x2cd7, 0x2cd7, 0x2cd7, 0x2cd7, 0x2cd7, 0x2cd7, 0x2cd7, 0x0000, 0x0000, 0x0000,
    0x0000, 0x0000, 0x0000, 0x1bc6, 0x1bc6, 0x1bc6, 0x1bc6, 0x1bc6, 0x1bc6, 0x1bc6, 0x0000, 0x0000, 0x0000, 0x1bc6, 0x1bc6, 0x1bc6,
    0x1bc6, 0x1bc6, 0x1bc6, 0x1bc6, 0x0000, 0x0000, 0x1bc6, 0x1bc6, 0x1bc6, 0x1bc6, 0x1bc6, 0x1bc6, 0x1bc6, 0x1bc6, 0x1bc6, 0x0000,
    0x0000, 0x0000, 0x0000, 0x0000, 0x0000, 0x1bc6, 0x1bc6, 0x1bc6, 0x1bc6, 0x1bc6, 0x1bc6, 0x0000, 0x0000, 0x0000, 0x0000, 0x1bc6,
    0x1bc6, 0x1bc6, 0x1bc6, 0x1bc6, 0x1bc6, 0x0000, 0x0000, 0x1bc6, 0x1bc6, 0x1bc6, 0x1bc6, 0x1bc6, 0x1bc6, 0x0000, 0x0000, 0x0000,
    0x2cd7, 0x2cd7, 0x2cd7, 0x2cd7, 0x2cd7, 0x2cd7, 0x2cd7, 0x0000, 0x0000, 0x0000, 0x2cd7, 0x2cd7, 0x2cd7, 0x2cd7, 0x2cd7, 0x2cd7,
    0x2cd7, 0x0000, 0x0000, 0x2cd7, 0x2cd7, 0x2cd7, 0x2cd7, 0x2cd7, 0x2cd7, 0x2cd7, 0x0000, 0x0000, 0x2cd7, 0x2cd7, 0x2cd7, 0x2cd7,
    0x2cd7, 0x2cd7, 0x0000, 0x0000, 0x0000, 0x0000, 0x2cd7, 0x2cd7, 0x2cd7, 0x2cd7, 0x2cd7, 0x2cd7, 0x0000, 0x0000, 0x0000, 0x2cd7,
    0x2cd7, 0x2cd7, 0x2cd7, 0x2cd7, 0x2cd7, 0x2cd7, 0x2cd7, 0x2cd7, 0x2cd7, 0x2cd7, 0x2cd7, 0x0000, 0x0000, 0x0000, 0x0000, 0x0000,
    0x2cd7, 0x2cd7, 0x2cd7, 0x2cd7, 0x2cd7, 0x0000, 0x0000, 0x0000, 0x0000, 0x0000, 0x0000, 0x2cd7, 0x2cd7, 0x2cd7, 0x2cd7, 0x2cd7,
    0x0000, 0x0000, 0x2cd7, 0x2cd7, 0x2cd7, 0x2cd7, 0x2cd7, 0x2cd7, 0x2cd7, 0x2cd7, 0x2cd7, 0x2cd7, 0x2cd7, 0x0000, 0x0000, 0x0000,
    0x0000, 0x0000, 0x0000, 0x1bc6, 0x1bc6, 0x1bc6, 0x1bc6, 0x1bc6, 0x1bc6, 0x0000, 0x0000, 0x0000, 0x0000, 0x1bc6, 0x1bc6, 0x1bc6,
    0x1bc6, 0x1bc6, 0x1bc6, 0x1bc6, 0x0000, 0x0000, 0x0000, 0x1bc6, 0x1bc6, 0x1bc6, 0x1bc6, 0x1bc6, 0x1bc6, 0x1bc6, 0x1bc6, 0x1bc6,
    0x1bc6, 0x0000, 0x0000, 0x0000, 0x0000, 0x1bc6, 0x1bc6, 0x1bc6, 0x1bc6, 0x1bc6, 0x1bc6, 0x0000, 0x0000, 0x0000, 0x0000, 0x1bc6,
    0x1bc6, 0x1bc6, 0x1bc6, 0x1bc6, 0x1bc6, 0x0000, 0x0000, 0x1bc6, 0x1bc6, 0x1bc6, 0x1bc6, 0x1bc6, 0x1bc6, 0x0000, 0x0000, 0x0000,
    0x2cd7, 0x2cd7, 0x2cd7, 0x2cd7, 0x2cd7, 0x2cd7, 0x0000, 0x0000, 0x0000, 0x0000, 0x2cd7, 0x2cd7, 0x2cd7, 0x2cd7, 0x2cd7, 0x2cd7,
    0x0000, 0x0000, 0x0000, 0x0000, 0x2cd7, 0x2cd7, 0x2cd7, 0x2cd7, 0x2cd7, 0x2cd7, 0x0000, 0x0000, 0x2cd7, 0x2cd7, 0x2cd7, 0x2cd7,
    0x2cd7, 0x2cd7, 0x0000, 0x0000, 0x0000, 0x0000, 0x2cd7, 0x2cd7, 0x2cd7, 0x2cd7, 0x2cd7, 0x2cd7, 0x0000, 0x0000, 0x0000, 0x2cd7,
    0x2cd7, 0x2cd7, 0x2cd7, 0x2cd7, 0x2cd7, 0x2cd7, 0x2cd7, 0x2cd7, 0x2cd7, 0x2cd7, 0x0000, 0x0000, 0x0000, 0x0000, 0x0000, 0x0000,
    0x2cd7, 0x2cd7, 0x2cd7, 0x2cd7, 0x2cd7, 0x2cd7, 0x2cd7, 0x2cd7, 0x2cd7, 0x2cd7, 0x2cd7, 0x2cd7, 0x2cd7, 0x2cd7, 0x2cd7, 0x2cd7,
    0x0000, 0x0000, 0x2cd7, 0x2cd7, 0x2cd7, 0x2cd7, 0x2cd7, 0x2cd7, 0x0000, 0x0000, 0x0000, 0x0000, 0x0000, 0x0000, 0x0000, 0x0000,
    0x0000, 0x0000, 0x0000, 0x1bc6, 0x1bc6, 0x1bc6, 0x1bc6, 0x1bc6, 0x1bc6, 0x0000, 0x0000, 0x0000, 0x0000, 0x1bc6, 0x1bc6, 0x1bc6,
    0x1bc6, 0x1bc6, 0x1bc6, 0x1bc6, 0x0000, 0x0000, 0x0000, 0x1bc6, 0x1bc6, 0x1bc6, 0x1bc6, 0x1bc6, 0x1bc6, 0x1bc6, 0x1bc6, 0x1bc6,
    0x1bc6, 0x1bc6, 0x0000, 0x0000, 0x0000, 0x1bc6, 0x1bc6, 0x1bc6, 0x1bc6, 0x1bc6, 0x1bc6, 0x0000, 0x0000, 0x0000, 0x0000, 0x1bc6,
    0x1bc6, 0x1bc6, 0x1bc6, 0x1bc6, 0x1bc6, 0x0000, 0x0000, 0x1bc6, 0x1bc6, 0x1bc6, 0x1bc6, 0x1bc6, 0x1bc6, 0x0000, 0x0000, 0x0000,
    0x2cd7, 0x2cd7, 0x2cd7, 0x2cd7, 0x2cd7, 0x2cd7, 0x0000, 0x0000, 0x0000, 0x0000, 0x2cd7, 0x2cd7, 0x2cd7, 0x2cd7, 0x2cd7, 0x2cd7,
    0x0000, 0x0000, 0x0000, 0x0000, 0x2cd7, 0x2cd7, 0x2cd7, 0x2cd7, 0x2cd7, 0x2cd7, 0x0000, 0x0000, 0x2cd7, 0x2cd7, 0x2cd7, 0x2cd7,
    0x2cd7, 0x2cd7, 0x0000, 0x0000, 0x0000, 0x0000, 0x2cd7, 0x2cd7, 0x2cd7, 0x2cd7, 0x2cd7, 0x2cd7, 0x0000, 0x0000, 0x0000, 0x2cd7,
    0x2cd7, 0x2cd7, 0x2cd7, 0x2cd7, 0x2cd7, 0x2cd7, 0x2cd7, 0x2cd7, 0x2cd7, 0x2cd7, 0x0000, 0x0000, 0x0000, 0x0000, 0x0000, 0x2cd7,
    0x2cd7, 0x2cd7, 0x2cd7, 0x2cd7, 0x2cd7, 0x2cd7, 0x2cd7, 0x2cd7, 0x2cd7, 0x2cd7, 0x2cd7, 0x2cd7, 0x2cd7, 0x2cd7, 0x2cd7, 0x2cd7,
    0x0000, 0x0000, 0x2cd7, 0x2cd7, 0x2cd7, 0x2cd7, 0x2cd7, 0x2cd7, 0x0000, 0x0000, 0x0000, 0x0000, 0x0000, 0x0000, 0x0000, 0x0000,
    0x0000, 0x0000, 0x0000, 0x1bc6, 0x1bc6, 0x1bc6, 0x1bc6, 0x1bc6, 0x1bc6, 0x0000, 0x0000, 0x0000, 0x0000, 0x1bc6, 0x1bc6, 0x1bc6,
    0x1bc6, 0x1bc6, 0x1bc6, 0x1bc6, 0x0000, 0x0000, 0x0000, 0x0000, 0x1bc6, 0x1bc6, 0x1bc6, 0x1bc6, 0x1bc6, 0x1bc6, 0x1bc6, 0x1bc6,
    0x1bc6, 0x1bc6, 0x0000, 0x0000, 0x0000, 0x1bc6, 0x1bc6, 0x1bc6, 0x1bc6, 0x1bc6, 0x1bc6, 0x0000, 0x0000, 0x0000, 0x0000, 0x1bc6,
    0x1bc6, 0x1bc6, 0x1bc6, 0x1bc6, 0x1bc6, 0x0000, 0x0000, 0x1bc6, 0x1bc6, 0x1bc6, 0x1bc6, 0x1bc6, 0x1bc6, 0x0000, 0x0000, 0x0000,
    0x2cd7, 0x2cd7, 0x2cd7, 0x2cd7, 0x2cd7, 0x2cd7, 0x0000, 0x0000, 0x0000, 0x0000, 0x2cd7, 0x2cd7, 0x2cd7, 0x2cd7, 0x2cd7, 0x2cd7,
    0x0000, 0x0000, 0x0000, 0x0000, 0x2cd7, 0x2cd7, 0x2cd7, 0x2cd7, 0x2cd7, 0x2cd7, 0x0000, 0x0000, 0x2cd7, 0x2cd7, 0x2cd7, 0x2cd7,
    0x2cd7, 0x2cd7, 0x0000, 0x0000, 0x0000, 0x0000, 0x2cd7, 0x2cd7, 0x2cd7, 0x2cd7, 0x2cd7, 0x2cd7, 0x0000, 0x0000, 0x0000, 0x2cd7,
    0x2cd7, 0x2cd7, 0x2cd7, 0x2cd7, 0x2cd7, 0x2cd7, 0x2cd7, 0x2cd7, 0x2cd7, 0x2cd7, 0x2cd7, 0x0000, 0x0000, 0x0000, 0x0000, 0x2cd7,
    0x2cd7, 0x2cd7, 0x2cd7, 0x2cd7, 0x2cd7, 0x2cd7, 0x2cd7, 0x2cd7, 0x2cd7, 0x2cd7, 0x2cd7, 0x2cd7, 0x2cd7, 0x2cd7, 0x2cd7, 0x0000,
    0x0000, 0x0000, 0x2cd7, 0x2cd7, 0x2cd7, 0x2cd7, 0x2cd7, 0x2cd7, 0x0000, 0x0000, 0x0000, 0x0000, 0x0000, 0x0000, 0x0000, 0x0000,
    0x0000, 0x0000, 0x0000, 0x1bc6, 0x1bc6, 0x1bc6, 0x1bc6, 0x1bc6, 0x1bc6, 0x1bc6, 0x0000, 0x0000, 0x0000, 0x1bc6, 0x1bc6, 0x1bc6,
    0x1bc6, 0x1bc6, 0x1bc6, 0x1bc6, 0x0000, 0x0000, 0x0000, 0x0000, 0x0000, 0x0000, 0x1bc6, 0x1bc6, 0x1bc6, 0x1bc6, 0x1bc6, 0x1bc6,
    0x1bc6, 0x1bc6, 0x1bc6, 0x0000, 0x0000, 0x1bc6, 0x1bc6, 0x1bc6, 0x1bc6, 0x1bc6, 0x1bc6, 0x0000, 0x0000, 0x0000, 0x0000, 0x1bc6,
    0x1bc6, 0x1bc6, 0x1bc6, 0x1bc6, 0x1bc6, 0x0000, 0x0000, 0x1bc6, 0x1bc6, 0x1bc6, 0x1bc6, 0x1bc6, 0x1bc6, 0x0000, 0x0000, 0x0000,
    0x2cd7, 0x2cd7, 0x2cd7, 0x2cd7, 0x2cd7, 0x2cd7, 0x0000, 0x0000, 0x0000, 0x0000, 0x2cd7, 0x2cd7, 0x2cd7, 0x2cd7, 0x2cd7, 0x2cd7,
    0x0000, 0x0000, 0x0000, 0x0000, 0x2cd7, 0x2cd7, 0x2cd7, 0x2cd7, 0x2cd7, 0x2cd7, 0x0000, 0x0000, 0x2cd7, 0x2cd7, 0x2cd7, 0x2cd7,
    0x2cd7, 0x2cd7, 0x0000, 0x0000, 0x0000, 0x0000, 0x2cd7, 0x2cd7, 0x2cd7, 0x2cd7, 0x2cd7, 0x2cd7, 0x0000, 0x0000, 0x0000, 0x2cd7,
    0x2cd7, 0x2cd7, 0x2cd7, 0x2cd7, 0x2cd7, 0x0000, 0x2cd7, 0x2cd7, 0x2cd7, 0x2cd7, 0x2cd7, 0x2cd7, 0x0000, 0x0000, 0x0000, 0x0000,
    0x2cd7, 0x2cd7, 0x2cd7, 0x2cd7, 0x2cd7, 0x0000, 0x0000, 0x0000, 0x0000, 0x0000, 0x0000, 0x0000, 0x0000, 0x0000, 0x2cd7, 0x0000,
    0x0000, 0x0000, 0x2cd7, 0x2cd7, 0x2cd7, 0x2cd7, 0x2cd7, 0x2cd7, 0x0000, 0x0000, 0x0000, 0x0000, 0x0000, 0x0000, 0x0000, 0x0000,
    0x0000, 0x0000, 0x0000, 0x0000, 0x1bc6, 0x1bc6, 0x1bc6, 0x1bc6, 0x1bc6, 0x1bc6, 0x0000, 0x0000, 0x0000, 0x1bc6, 0x1bc6, 0x1bc6,
    0x1bc6, 0x1bc6, 0x1bc6, 0x1bc6, 0x0000, 0x0000, 0x1bc6, 0x1bc6, 0x0000, 0x0000, 0x0000, 0x0000, 0x0000, 0x1bc6, 0x1bc6, 0x1bc6,
    0x1bc6, 0x1bc6, 0x1bc6, 0x0000, 0x0000, 0x1bc6, 0x1bc6, 0x1bc6, 0x1bc6, 0x1bc6, 0x1bc6, 0x0000, 0x0000, 0x0000, 0x1bc6, 0x1bc6,
    0x1bc6, 0x1bc6, 0x1bc6, 0x1bc6, 0x1bc6, 0x0000, 0x0000, 0x1bc6, 0x1bc6, 0x1bc6, 0x1bc6, 0x1bc6, 0x1bc6, 0x0000, 0x0000, 0x0000,
    0x2cd7, 0x2cd7, 0x2cd7, 0x2cd7, 0x2cd7, 0x2cd7, 0x0000, 0x0000, 0x0000, 0x0000, 0x2cd7, 0x2cd7, 0x2cd7, 0x2cd7, 0x2cd7, 0x2cd7,
    0x0000, 0x0000, 0x0000, 0x0000, 0x2cd7, 0x2cd7, 0x2cd7, 0x2cd7, 0x2cd7, 0x2cd7, 0x0000, 0x0000, 0x2cd7, 0x2cd7, 0x2cd7, 0x2cd7,
    0x2cd7, 0x2cd7, 0x2cd7, 0x0000, 0x0000, 0x0000, 0x2cd7, 0x2cd7, 0x2cd7, 0x2cd7, 0x2cd7, 0x2cd7, 0x0000, 0x0000, 0x0000, 0x2cd7,
    0x2cd7, 0x2cd7, 0x2cd7, 0x2cd7, 0x2cd7, 0x0000, 0x2cd7, 0x2cd7, 0x2cd7, 0x2cd7, 0x2cd7, 0x2cd7, 0x2cd7, 0x0000, 0x0000, 0x0000,
    0x2cd7, 0x2cd7, 0x2cd7, 0x2cd7, 0x2cd7, 0x2cd7, 0x0000, 0x0000, 0x0000, 0x0000, 0x0000, 0x0000, 0x2cd7, 0x2cd7, 0x2cd7, 0x0000,
    0x0000, 0x0000, 0x2cd7, 0x2cd7, 0x2cd7, 0x2cd7, 0x2cd7, 0x2cd7, 0x0000, 0x0000, 0x0000, 0x0000, 0x0000, 0x0000, 0x0000, 0x0000,
    0x0000, 0x0000, 0x0000, 0x0000, 0x1bc6, 0x1bc6, 0x1bc6, 0x1bc6, 0x1bc6, 0x1bc6, 0x1bc6, 0x1bc6, 0x1bc6, 0x1bc6, 0x1bc6, 0x1bc6,
    0x1bc6, 0x1bc6, 0x1bc6, 0x1bc6, 0x0000, 0x0000, 0x1bc6, 0x1bc6, 0x1bc6, 0x1bc6, 0x0000, 0x0000, 0x0000, 0x1bc6, 0x1bc6, 0x1bc6,
    0x1bc6, 0x1bc6, 0x0000, 0x0000, 0x0000, 0x1bc6, 0x1bc6, 0x1bc6, 0x1bc6, 0x1bc6, 0x1bc6, 0x1bc6, 0x1bc6, 0x1bc6, 0x1bc6, 0x1bc6,
    0x1bc6, 0x1bc6, 0x1bc6, 0x1bc6, 0x0000, 0x0000, 0x0000, 0x1bc6, 0x1bc6, 0x1bc6, 0x1bc6, 0x1bc6, 0x1bc6, 0x0000, 0x0000, 0x0000,
    0x2cd7, 0x2cd7, 0x2cd7, 0x2cd7, 0x2cd7, 0x2cd7, 0x0000, 0x0000, 0x0000, 0x0000, 0x2cd7, 0x2cd7, 0x2cd7, 0x2cd7, 0x2cd7, 0x2cd7,
    0x0000, 0x0000, 0x0000, 0x0000, 0x2cd7, 0x2cd7, 0x2cd7, 0x2cd7, 0x2cd7, 0x2cd7, 0x0000, 0x0000, 0x2cd7, 0x2cd7, 0x2cd7, 0x2cd7,
    0x2cd7, 0x2cd7, 0x2cd7, 0x2cd7, 0x2cd7, 0x2cd7, 0x2cd7, 0x2cd7, 0x2cd7, 0x2cd7, 0x2cd7, 0x2cd7, 0x0000, 0x0000, 0x0000, 0x2cd7,
    0x2cd7, 0x2cd7, 0x2cd7, 0x2cd7, 0x2cd7, 0x0000, 0x0000, 0x2cd7, 0x2cd7, 0x2cd7, 0x2cd7, 0x2cd7, 0x2cd7, 0x0000, 0x0000, 0x0000,
    0x2cd7, 0x2cd7, 0x2cd7, 0x2cd7, 0x2cd7, 0x2cd7, 0x2cd7, 0x2cd7, 0x2cd7, 0x2cd7, 0x2cd7, 0x2cd7, 0x2cd7, 0x2cd7, 0x2cd7, 0x0000,
    0x0000, 0x0000, 0x2cd7, 0x2cd7, 0x2cd7, 0x2cd7, 0x2cd7, 0x2cd7, 0x0000, 0x0000, 0x0000, 0x0000, 0x0000, 0x0000, 0x0000, 0x0000,
    0x0000, 0x0000, 0x0000, 0x0000, 0x0000, 0x1bc6, 0x1bc6, 0x1bc6, 0x1bc6, 0x1bc6, 0x1bc6, 0x1bc6, 0x1bc6, 0x1bc6, 0x1bc6, 0x1bc6,
    0x1bc6, 0x1bc6, 0x1bc6, 0x1bc6, 0x0000, 0x0000, 0x1bc6, 0x1bc6, 0x1bc6, 0x1bc6, 0x1bc6, 0x1bc6, 0x1bc6, 0x1bc6, 0x1bc6, 0x1bc6,
    0x1bc6, 0x1bc6, 0x0000, 0x0000, 0x0000, 0x1bc6, 0x1bc6, 0x1bc6, 0x1bc6, 0x1bc6, 0x1bc6, 0x1bc6, 0x1bc6, 0x1bc6, 0x1bc6, 0x1bc6,
    0x1bc6, 0x1bc6, 0x1bc6, 0x1bc6, 0x0000, 0x0000, 0x0000, 0x1bc6, 0x1bc6, 0x1bc6, 0x1bc6, 0x1bc6, 0x1bc6, 0x0000, 0x0000, 0x0000,
    0x2cd7, 0x2cd7, 0x2cd7, 0x2cd7, 0x2cd7, 0x2cd7, 0x0000, 0x0000, 0x0000, 0x0000, 0x2cd7, 0x2cd7, 0x2cd7, 0x2cd7, 0x2cd7, 0x2cd7,
    0x0000, 0x0000, 0x0000, 0x0000, 0x2cd7, 0x2cd7, 0x2cd7, 0x2cd7, 0x2cd7, 0x2cd7, 0x0000, 0x0000, 0x0000, 0x2cd7, 0x2cd7, 0x2cd7,
    0x2cd7, 0x2cd7, 0x2cd7, 0x2cd7, 0x2cd7, 0x2cd7, 0x2cd7, 0x2cd7, 0x2cd7, 0x2cd7, 0x2cd7, 0x2cd7, 0x0000, 0x0000, 0x0000, 0x2cd7,
    0x2cd7, 0x2cd7, 0x2cd7, 0x2cd7, 0x2cd7, 0x0000, 0x0000, 0x0000, 0x2cd7, 0x2cd7, 0x2cd7, 0x2cd7, 0x2cd7, 0x2cd7, 0x0000, 0x0000,
    0x0000, 0x2cd7, 0x2cd7, 0x2cd7, 0x2cd7, 0x2cd7, 0x2cd7, 0x2cd7, 0x2cd7, 0x2cd7, 0x2cd7, 0x2cd7, 0x2cd7, 0x2cd7, 0x2cd7, 0x0000,
    0x0000, 0x0000, 0x2cd7, 0x2cd7, 0x2cd7, 0x2cd7, 0x2cd7, 0x2cd7, 0x0000, 0x0000, 0x0000, 0x0000, 0x0000, 0x0000, 0x0000, 0x0000,
    0x0000, 0x0000, 0x0000, 0x0000, 0x0000, 0x1bc6, 0x1bc6, 0x1bc6, 0x1bc6, 0x1bc6, 0x1bc6, 0x1bc6, 0x1bc6, 0x1bc6, 0x1bc6, 0x1bc6,
    0x1bc6, 0x1bc6, 0x1bc6, 0x1bc6, 0x0000, 0x0000, 0x1bc6, 0x1bc6, 0x1bc6, 0x1bc6, 0x1bc6, 0x1bc6, 0x1bc6, 0x1bc6, 0x1bc6, 0x1bc6,
    0x1bc6, 0x1bc6, 0x0000, 0x0000, 0x0000, 0x1bc6, 0x1bc6, 0x1bc6, 0x1bc6, 0x1bc6, 0x1bc6, 0x1bc6, 0x1bc6, 0x1bc6, 0x1bc6, 0x1bc6,
    0x1bc6, 0x1bc6, 0x1bc6, 0x0000, 0x0000, 0x0000, 0x0000, 0x1bc6, 0x1bc6, 0x1bc6, 0x1bc6, 0x1bc6, 0x1bc6, 0x0000, 0x0000, 0x0000,
    0x2cd7, 0x2cd7, 0x2cd7, 0x2cd7, 0x2cd7, 0x2cd7, 0x0000, 0x0000, 0x0000, 0x0000, 0x2cd7, 0x2cd7, 0x2cd7, 0x2cd7, 0x2cd7, 0x2cd7,
    0x0000, 0x0000, 0x0000, 0x0000, 0x2cd7, 0x2cd7, 0x2cd7, 0x2cd7, 0x2cd7, 0x2cd7, 0x0000, 0x0000, 0x0000, 0x2cd7, 0x2cd7, 0x2cd7,
    0x2cd7, 0x2cd7, 0x2cd7, 0x2cd7, 0x2cd7, 0x2cd7, 0x2cd7, 0x2cd7, 0x2cd7, 0x2cd7, 0x2cd7, 0x2cd7, 0x0000, 0x0000, 0x0000, 0x2cd7,
    0x2cd7, 0x2cd7, 0x2cd7, 0x2cd7, 0x2cd7, 0x0000, 0x0000, 0x0000, 0x2cd7, 0x2cd7, 0x2cd7, 0x2cd7, 0x2cd7, 0x2cd7, 0x2cd7, 0x0000,
    0x0000, 0x0000, 0x2cd7, 0x2cd7, 0x2cd7, 0x2cd7, 0x2cd7, 0x2cd7, 0x2cd7, 0x2cd7, 0x2cd7, 0x2cd7, 0x2cd7, 0x2cd7, 0x0000, 0x0000,
    0x0000, 0x0000, 0x2cd7, 0x2cd7, 0x2cd7, 0x2cd7, 0x2cd7, 0x2cd7, 0x0000, 0x0000, 0x0000, 0x0000, 0x0000, 0x0000, 0x0000, 0x0000,
    0x0000, 0x0000, 0x0000, 0x0000, 0x0000, 0x0000, 0x1bc6, 0x1bc6, 0x1bc6, 0x1bc6, 0x1bc6, 0x1bc6, 0x1bc6, 0x1bc6, 0x1bc6, 0x1bc6,
    0x1bc6, 0x1bc6, 0x1bc6, 0x1bc6, 0x0000, 0x0000, 0x1bc6, 0x1bc6, 0x1bc6, 0x1bc6, 0x1bc6, 0x1bc6, 0x1bc6, 0x1bc6, 0x1bc6, 0x1bc6,
    0x1bc6, 0x0000, 0x0000, 0x0000, 0x0000, 0x1bc6, 0x1bc6, 0x1bc6, 0x1bc6, 0x1bc6, 0x1bc6, 0x1bc6, 0x1bc6, 0x1bc6, 0x1bc6, 0x1bc6,
    0x1bc6, 0x1bc6, 0x0000, 0x0000, 0x0000, 0x0000, 0x0000, 0x1bc6, 0x1bc6, 0x1bc6, 0x1bc6, 0x1bc6, 0x1bc6, 0x0000, 0x0000, 0x0000,
    0x2cd7, 0x2cd7, 0x2cd7, 0x2cd7, 0x2cd7, 0x2cd7, 0x0000, 0x0000, 0x0000, 0x0000, 0x2cd7, 0x2cd7, 0x2cd7, 0x2cd7, 0x2cd7, 0x2cd7,
    0x0000, 0x0000, 0x0000, 0x0000, 0x2cd7, 0x2cd7, 0x2cd7, 0x2cd7, 0x2cd7, 0x2cd7, 0x0000, 0x0000, 0x0000, 0x0000, 0x0000, 0x2cd7,
    0x2cd7, 0x2cd7, 0x2cd7, 0x2cd7, 0x2cd7, 0x2cd7, 0x2cd7, 0x2cd7, 0x2cd7, 0x2cd7, 0x2cd7, 0x2cd7, 0x0000, 0x0000, 0x0000, 0x2cd7,
    0x2cd7, 0x2cd7, 0x2cd7, 0x2cd7, 0x2cd7, 0x0000, 0x0000, 0x0000, 0x0000, 0x2cd7, 0x2cd7, 0x2cd7, 0x2cd7, 0x2cd7, 0x2cd7, 0x2cd7,
    0x0000, 0x0000, 0x0000, 0x2cd7, 0x2cd7, 0x2cd7, 0x2cd7, 0x2cd7, 0x2cd7, 0x2cd7, 0x2cd7, 0x2cd7, 0x2cd7, 0x2cd7, 0x0000, 0x0000,
    0x0000, 0x0000, 0x2cd7, 0x2cd7, 0x2cd7, 0x2cd7, 0x2cd7, 0x2cd7, 0x0000, 0x0000, 0x0000, 0x0000, 0x0000, 0x0000, 0x0000, 0x0000,
    0x0000, 0x0000, 0x0000, 0x0000, 0x0000, 0x0000, 0x0000, 0x1bc6, 0x1bc6, 0x1bc6, 0x1bc6, 0x1bc6, 0x1bc6, 0x0000, 0x1bc6, 0x1bc6,
    0x1bc6, 0x0000, 0x0000, 0x0000, 0x0000, 0x0000, 0x0000, 0x0000, 0x0000, 0x1bc6, 0x1bc6, 0x1bc6, 0x1bc6, 0x1bc6, 0x1bc6, 0x0000,
    0x0000, 0x0000, 0x0000, 0x0000, 0x0000, 0x1bc6, 0x1bc6, 0x1bc6, 0x1bc6, 0x1bc6, 0x1bc6, 0x1bc6, 0x1bc6, 0x1bc6, 0x1bc6, 0x1bc6,
    0x0000, 0x0000, 0x0000, 0x0000, 0x0000, 0x0000, 0x0000, 0x0000, 0x0000, 0x0000, 0x0000, 0x0000, 0x0000, 0x0000, 0x0000, 0x0000,
    0x0000, 0x0000, 0x0000, 0x0000, 0x0000, 0x0000, 0x0000, 0x0000, 0x0000, 0x0000, 0x0000, 0x0000, 0x0000, 0x0000, 0x0000, 0x0000,
    0x0000, 0x0000, 0x0000, 0x0000, 0x0000, 0x0000, 0x0000, 0x0000, 0x0000, 0x0000, 0x0000, 0x0000, 0x0000, 0x0000, 0x0000, 0x0000,
    0x2cd7, 0x2cd7, 0x2cd7, 0x2cd7, 0x2cd7, 0x0000, 0x2cd7, 0x2cd7, 0x2cd7, 0x2cd7, 0x0000, 0x0000, 0x0000, 0x0000, 0x0000, 0x0000,
    0x0000, 0x0000, 0x0000, 0x0000, 0x0000, 0x0000, 0x0000, 0x0000, 0x0000, 0x0000, 0x0000, 0x0000, 0x0000, 0x0000, 0x0000, 0x0000,
    0x0000, 0x0000, 0x0000, 0x0000, 0x2cd7, 0x2cd7, 0x2cd7, 0x2cd7, 0x2cd7, 0x2cd7, 0x2cd7, 0x2cd7, 0x0000, 0x0000, 0x0000, 0x0000,
    0x0000, 0x0000, 0x0000, 0x0000, 0x0000, 0x0000, 0x0000, 0x0000, 0x0000, 0x0000, 0x0000, 0x0000, 0x0000, 0x0000, 0x0000, 0x0000,
    0x0000, 0x0000, 0x0000, 0x0000, 0x0000, 0x0000, 0x0000, 0x0000, 0x0000, 0x0000, 0x0000, 0x0000, 0x0000, 0x0000, 0x0000, 0x0000,
    0x0000, 0x0000, 0x0000, 0x0000, 0x0000, 0x0000, 0x0000, 0x0000, 0x0000, 0x0000, 0x0000, 0x0000, 0x0000, 0x0000, 0x0000, 0x0000,
    0x0000, 0x0000, 0x0000, 0x0000, 0x0000, 0x1bc6, 0x1bc6, 0x1bc6, 0x1bc6, 0x1bc6, 0x1bc6, 0x0000, 0x0000, 0x0000, 0x0000, 0x0000,
    0x0000, 0x0000, 0x0000, 0x0000, 0x0000, 0x0000, 0x0000, 0x0000, 0x0000, 0x0000, 0x0000, 0x0000, 0x0000, 0x0000, 0x0000, 0x0000,
    0x0000, 0x0000, 0x0000, 0x0000, 0x0000, 0x0000, 0x0000, 0x0000, 0x0000, 0x0000, 0x0000, 0x0000, 0x0000, 0x0000, 0x0000, 0x0000,
    0x0000, 0x0000, 0x0000, 0x0000, 0x0000, 0x0000, 0x0000, 0x0000, 0x0000, 0x0000, 0x0000, 0x0000, 0x0000, 0x0000, 0x0000, 0x0000,
    0x0000, 0x0000, 0x0000, 0x0000, 0x0000, 0x0000, 0x0000, 0x0000, 0x0000, 0x0000, 0x0000, 0x0000, 0x0000, 0x0000, 0x0000, 0x0000,
    0x0000, 0x0000, 0x0000, 0x0000, 0x0000, 0x0000, 0x0000, 0x0000, 0x0000, 0x0000, 0x0000, 0x0000, 0x0000, 0x0000, 0x0000, 0x0000,
    0x0000, 0x0000, 0x0000, 0x0000, 0x0000, 0x0000, 0x0000, 0x0000, 0x0000, 0x0000, 0x0000, 0x0000, 0x0000, 0x0000, 0x0000, 0x0000,
    0x0000, 0x0000, 0x0000, 0x0000, 0x0000, 0x0000, 0x0000, 0x0000, 0x0000, 0x0000, 0x0000, 0x0000, 0x0000, 0x0000, 0x0000, 0x0000,
    0x0000, 0x0000, 0x0000, 0x0000, 0x0000, 0x0000, 0x0000, 0x0000, 0x0000, 0x0000, 0x0000, 0x0000, 0x0000, 0x0000, 0x0000, 0x0000,
    0x0000, 0x0000, 0x0000, 0x0000, 0x0000, 0x0000, 0x0000, 0x0000, 0x0000, 0x0000, 0x0000, 0x0000, 0x0000, 0x0000, 0x0000, 0x0000,
    0x0000, 0x0000, 0x0000, 0x0000, 0x0000, 0x1bc6, 0x1bc6, 0x1bc6, 0x1bc6, 0x1bc6, 0x1bc6, 0x0000, 0x0000, 0x0000, 0x0000, 0x0000,
    0x0000, 0x0000, 0x0000, 0x0000, 0x0000, 0x0000, 0x0000, 0x0000, 0x0000, 0x0000, 0x0000, 0x0000, 0x0000, 0x0000, 0x0000, 0x0000,
    0x0000, 0x0000, 0x0000, 0x0000, 0x0000, 0x0000, 0x0000, 0x0000, 0x0000, 0x0000, 0x0000, 0x0000, 0x0000, 0x0000, 0x0000, 0x0000,
    0x0000, 0x0000, 0x0000, 0x0000, 0x0000, 0x0000, 0x0000, 0x0000, 0x0000, 0x0000, 0x0000, 0x0000, 0x0000, 0x0000, 0x0000, 0x0000,
    0x0000, 0x0000, 0x0000, 0x0000, 0x0000, 0x0000, 0x0000, 0x0000, 0x0000, 0x0000, 0x0000, 0x0000, 0x0000, 0x0000, 0x0000, 0x0000,
    0x0000, 0x0000, 0x0000, 0x0000, 0x0000, 0x0000, 0x0000, 0x0000, 0x0000, 0x0000, 0x0000, 0x0000, 0x0000, 0x0000, 0x0000, 0x0000,
    0x0000, 0x0000, 0x0000, 0x0000, 0x0000, 0x0000, 0x0000, 0x0000, 0x0000, 0x0000, 0x0000, 0x0000, 0x0000, 0x0000, 0x0000, 0x0000,
    0x0000, 0x0000, 0x0000, 0x0000, 0x0000, 0x0000, 0x0000, 0x0000, 0x0000, 0x0000, 0x0000, 0x0000, 0x0000, 0x0000, 0x0000, 0x0000,
    0x0000, 0x0000, 0x0000, 0x0000, 0x0000, 0x0000, 0x0000, 0x0000, 0x0000, 0x0000, 0x0000, 0x0000, 0x0000, 0x0000, 0x0000, 0x0000,
    0x0000, 0x0000, 0x0000, 0x0000, 0x0000, 0x0000, 0x0000, 0x0000, 0x0000, 0x0000, 0x0000, 0x0000, 0x0000, 0x0000, 0x0000, 0x0000,
    0x0000, 0x0000, 0x0000, 0x0000, 0x0000, 0x1bc6, 0x1bc6, 0x1bc6, 0x1bc6, 0x1bc6, 0x1bc6, 0x0000, 0x0000, 0x0000, 0x0000, 0x0000,
    0x0000, 0x0000, 0x0000, 0x0000, 0x0000, 0x0000, 0x0000, 0x0000, 0x0000, 0x0000, 0x0000, 0x0000, 0x0000, 0x0000, 0x0000, 0x0000,
    0x0000, 0x0000, 0x0000, 0x0000, 0x0000, 0x0000, 0x0000, 0x0000, 0x0000, 0x0000, 0x0000, 0x0000, 0x0000, 0x0000, 0x0000, 0x0000,
    0x0000, 0x0000, 0x0000, 0x0000, 0x0000, 0x0000, 0x0000, 0x0000, 0x0000, 0x0000, 0x0000, 0x0000, 0x0000, 0x0000, 0x0000, 0x0000,
    0x0000, 0x0000, 0x0000, 0x0000, 0x0000, 0x0000, 0x0000, 0x0000, 0x0000, 0x0000, 0x0000, 0x0000, 0x0000, 0x0000, 0x0000, 0x0000,
    0x0000, 0x0000, 0x0000, 0x0000, 0x0000, 0x0000, 0x0000, 0x0000, 0x0000, 0x0000, 0x0000, 0x0000, 0x0000, 0x0000, 0x0000, 0x0000,
    0x0000, 0x0000, 0x0000, 0x0000, 0x0000, 0x0000, 0x0000, 0x0000, 0x0000, 0x0000, 0x0000, 0x0000, 0x0000, 0x0000, 0x0000, 0x0000,
    0x0000, 0x0000, 0x0000, 0x0000, 0x0000, 0x0000, 0x0000, 0x0000, 0x0000, 0x0000, 0x0000, 0x0000, 0x0000, 0x0000, 0x0000, 0x0000,
    0x0000, 0x0000, 0x0000, 0x0000, 0x0000, 0x0000, 0x0000, 0x0000, 0x0000, 0x0000, 0x0000, 0x0000, 0x0000, 0x0000, 0x0000, 0x0000,
    0x0000, 0x0000, 0x0000, 0x0000, 0x0000, 0x0000, 0x0000, 0x0000, 0x0000, 0x0000, 0x0000, 0x0000, 0x0000, 0x0000, 0x0000, 0x0000,
    0x0000, 0x0000, 0x0000, 0x0000, 0x0000, 0x1bc6, 0x1bc6, 0x1bc6, 0x1bc6, 0x1bc6, 0x1bc6, 0x0000, 0x0000, 0x0000, 0x0000, 0x0000,
    0x0000, 0x0000, 0x0000, 0x0000, 0x0000, 0x0000, 0x0000, 0x0000, 0x0000, 0x0000, 0x0000, 0x0000, 0x0000, 0x0000, 0x0000, 0x0000,
    0x0000, 0x0000, 0x0000, 0x0000, 0x0000, 0x0000, 0x0000, 0x0000, 0x0000, 0x0000, 0x0000, 0x0000, 0x0000, 0x0000, 0x0000, 0x0000,
    0x0000, 0x0000, 0x0000, 0x0000, 0x0000, 0x0000, 0x0000, 0x0000, 0x0000, 0x0000, 0x0000, 0x0000, 0x0000, 0x0000, 0x0000, 0x0000,
    0x0000, 0x0000, 0x0000, 0x0000, 0x0000, 0x0000, 0x0000, 0x0000, 0x0000, 0x0000, 0x0000, 0x0000, 0x0000, 0x0000, 0x0000, 0x0000,
    0x0000, 0x0000, 0x0000, 0x0000, 0x0000, 0x0000, 0x0000, 0x0000, 0x0000, 0x0000, 0x0000, 0x0000, 0x0000, 0x0000, 0x0000, 0x0000,
    0x0000, 0x0000, 0x0000, 0x0000, 0x0000, 0x0000, 0x0000, 0x0000, 0x0000, 0x0000, 0x0000, 0x0000, 0x0000, 0x0000, 0x0000, 0x0000,
    0x0000, 0x0000, 0x0000, 0x0000, 0x0000, 0x0000, 0x0000, 0x0000, 0x0000, 0x0000, 0x0000, 0x0000, 0x0000, 0x0000, 0x0000, 0x0000,
    0x0000, 0x0000, 0x0000, 0x0000, 0x0000, 0x0000, 0x0000, 0x0000, 0x0000, 0x0000, 0x0000, 0x0000, 0x0000, 0x0000, 0x0000, 0x0000,
    0x0000, 0x0000, 0x0000, 0x0000, 0x0000, 0x0000, 0x0000, 0x0000, 0x0000, 0x0000, 0x0000, 0x0000, 0x0000, 0x0000, 0x0000, 0x0000,
    0x0000, 0x0000, 0x0000, 0x0000, 0x0000, 0x1bc6, 0x1bc6, 0x1bc6, 0x1bc6, 0x1bc6, 0x1bc6, 0x0000, 0x0000, 0x0000, 0x0000, 0x0000,
    0x0000, 0x0000, 0x0000, 0x0000, 0x0000, 0x0000, 0x0000, 0x0000, 0x0000, 0x0000, 0x0000, 0x0000, 0x0000, 0x0000, 0x0000, 0x0000,
    0x0000, 0x0000, 0x0000, 0x0000, 0x0000, 0x0000, 0x0000, 0x0000, 0x0000, 0x0000, 0x0000, 0x0000, 0x0000, 0x0000, 0x0000, 0x0000,
    0x0000, 0x0000, 0x0000, 0x0000, 0x0000, 0x0000, 0x0000, 0x0000, 0x0000, 0x0000, 0x0000, 0x0000, 0x0000, 0x0000, 0x0000, 0x0000,
    0x0000, 0x0000, 0x0000, 0x0000, 0x0000, 0x0000, 0x0000, 0x0000, 0x0000, 0x0000, 0x0000, 0x0000, 0x0000, 0x0000, 0x0000, 0x0000,
    0x0000, 0x0000, 0x0000, 0x0000, 0x0000, 0x0000, 0x0000, 0x0000, 0x0000, 0x0000, 0x0000, 0x0000, 0x0000, 0x0000, 0x0000, 0x0000,
    0x0000, 0x0000, 0x0000, 0x0000, 0x0000, 0x0000, 0x0000, 0x0000, 0x0000, 0x0000, 0x0000, 0x0000, 0x0000, 0x0000, 0x0000, 0x0000,
    0x0000, 0x0000, 0x0000, 0x0000, 0x0000, 0x0000, 0x0000, 0x0000, 0x0000, 0x0000, 0x0000, 0x0000, 0x0000, 0x0000, 0x0000, 0x0000,
    0x0000, 0x0000, 0x0000, 0x0000, 0x0000, 0x0000, 0x0000, 0x0000, 0x0000, 0x0000, 0x0000, 0x0000, 0x0000, 0x0000, 0x0000, 0x0000,
    0x0000, 0x0000, 0x0000, 0x0000, 0x0000, 0x0000, 0x0000, 0x0000, 0x0000, 0x0000, 0x0000, 0x0000, 0x0000, 0x0000, 0x0000, 0x0000,
    0x0000, 0x0000, 0x0000, 0x0000, 0x0000, 0x1bc6, 0x1bc6, 0x1bc6, 0x1bc6, 0x1bc6, 0x1bc6, 0x0000, 0x0000, 0x0000, 0x0000, 0x0000,
    0x0000, 0x0000, 0x0000, 0x0000, 0x0000, 0x0000, 0x0000, 0x0000, 0x0000, 0x0000, 0x0000, 0x0000, 0x0000, 0x0000, 0x0000, 0x0000,
    0x0000, 0x0000, 0x0000, 0x0000, 0x0000, 0x0000, 0x0000, 0x0000, 0x0000, 0x0000, 0x0000, 0x0000, 0x0000, 0x0000, 0x0000, 0x0000,
    0x0000, 0x0000, 0x0000, 0x0000, 0x0000, 0x0000, 0x0000, 0x0000, 0x0000, 0x0000, 0x0000, 0x0000, 0x0000, 0x0000, 0x0000, 0x0000,
    0x0000, 0x0000, 0x0000, 0x0000, 0x0000, 0x0000, 0x0000, 0x0000, 0x0000, 0x0000, 0x0000, 0x0000, 0x0000, 0x0000, 0x0000, 0x0000,
    0x0000, 0x0000, 0x0000, 0x0000, 0x0000, 0x0000, 0x0000, 0x0000, 0x0000, 0x0000, 0x0000, 0x0000, 0x0000, 0x0000, 0x0000, 0x0000,
    0x0000, 0x0000, 0x0000, 0x0000, 0x0000, 0x0000, 0x0000, 0x0000, 0x0000, 0x0000, 0x0000, 0x0000, 0x0000, 0x0000, 0x0000, 0x0000,
    0x0000, 0x0000, 0x0000, 0x0000, 0x0000, 0x0000, 0x0000, 0x0000, 0x0000, 0x0000, 0x0000, 0x0000, 0x0000, 0x0000, 0x0000, 0x0000,
    0x0000, 0x0000, 0x0000, 0x0000, 0x0000, 0x0000, 0x0000, 0x0000, 0x0000, 0x0000, 0x0000, 0x0000, 0x0000, 0x0000, 0x0000, 0x0000,
    0x0000, 0x0000, 0x0000, 0x0000, 0x0000, 0x0000, 0x0000, 0x0000, 0x0000, 0x0000, 0x0000, 0x0000, 0x0000, 0x0000, 0x0000, 0x0000,
    0x0000, 0x0000, 0x0000, 0x0000, 0x0000, 0x1bc6, 0x0000, 0x0000, 0x0000, 0x0000, 0x0000, 0x0000, 0x0000, 0x0000, 0x0000, 0x0000,
    0x0000, 0x0000, 0x0000, 0x0000, 0x0000, 0x0000, 0x0000, 0x0000, 0x0000, 0x0000, 0x0000, 0x0000, 0x0000, 0x0000, 0x0000, 0x0000,
    0x0000, 0x0000, 0x0000, 0x0000, 0x0000, 0x0000, 0x0000, 0x0000, 0x0000, 0x0000, 0x0000, 0x0000, 0x0000, 0x0000, 0x0000, 0x0000,
    0x0000, 0x0000, 0x0000, 0x0000, 0x0000, 0x0000, 0x0000, 0x0000, 0x0000, 0x0000, 0x0000, 0x0000, 0x0000, 0x0000, 0x0000, 0x0000,
    0x0000, 0x0000, 0x0000, 0x0000, 0x0000, 0x0000, 0x0000, 0x0000, 0x0000, 0x0000, 0x0000, 0x0000, 0x0000, 0x0000, 0x0000, 0x0000,
    0x0000, 0x0000, 0x0000, 0x0000, 0x0000, 0x0000, 0x0000, 0x0000, 0x0000, 0x0000, 0x0000, 0x0000, 0x0000, 0x0000, 0x0000, 0x0000,
    0x0000, 0x0000, 0x0000, 0x0000, 0x0000, 0x0000, 0x0000, 0x0000, 0x0000, 0x0000, 0x0000, 0x0000, 0x0000, 0x0000, 0x0000, 0x0000,
    0x0000, 0x0000, 0x0000, 0x0000, 0x0000, 0x0000, 0x0000, 0x0000, 0x0000, 0x0000, 0x0000, 0x0000, 0x0000, 0x0000, 0x0000, 0x0000,
    0x0000, 0x0000, 0x0000, 0x0000, 0x0000, 0x0000, 0x0000, 0x0000, 0x0000, 0x0000, 0x0000, 0x0000, 0x0000, 0x0000, 0x0000, 0x0000,
    0x0000, 0x0000, 0x0000, 0x0000, 0x0000, 0x0000, 0x0000, 0x0000, 0x0000, 0x0000, 0x0000, 0x0000, 0x0000, 0x0000, 0x0000, 0x0000,
    0x0000, 0x0000, 0x0000, 0x0000, 0x0000, 0x0000, 0x0000, 0x0000, 0x0000, 0x0000, 0x0000, 0x0000, 0x0000, 0x0000, 0x0000, 0x0000,
    0x0000, 0x0000, 0x0000, 0x0000, 0x0000, 0x0000, 0x0000, 0x0000, 0x0000, 0x0000, 0x0000, 0x0000, 0x0000, 0x0000, 0x0000, 0x0000,
    0x0000, 0x0000, 0x0000, 0x0000, 0x0000, 0x0000, 0x0000, 0x0000, 0x0000, 0x0000, 0x0000, 0x0000, 0x0000, 0x0000, 0x0000, 0x0000,
    0x0000, 0x0000, 0x0000, 0x0000, 0x0000, 0x0000, 0x0000, 0x0000, 0x0000, 0x0000, 0x0000, 0x0000, 0x0000, 0x0000, 0x0000, 0x0000,
    0x0000, 0x0000, 0x0000, 0x0000, 0x0000, 0x0000, 0x0000, 0x0000, 0x0000, 0x0000, 0x0000, 0x0000, 0x0000, 0x0000, 0x0000, 0x0000,
    0x0000, 0x0000, 0x0000, 0x0000, 0x0000, 0x0000, 0x0000, 0x0000, 0x0000, 0x0000, 0x0000, 0x0000, 0x0000, 0x0000, 0x0000, 0x0000,
    0x0000, 0x0000, 0x0000, 0x0000, 0x0000, 0x0000, 0x0000, 0x0000, 0x0000, 0x0000, 0x0000, 0x0000, 0x0000, 0x0000, 0x0000, 0x0000,
    0x0000, 0x0000, 0x0000, 0x0000, 0x0000, 0x0000, 0x0000, 0x0000, 0x0000, 0x0000, 0x0000, 0x0000, 0x0000, 0x0000, 0x0000, 0x0000,
    0x0000, 0x0000, 0x0000, 0x0000, 0x0000, 0x0000, 0x0000, 0x0000, 0x0000, 0x0000, 0x0000, 0x0000, 0x0000, 0x0000, 0x0000, 0x0000,
    0x0000, 0x0000, 0x0000, 0x0000, 0x0000, 0x0000, 0x0000, 0x0000, 0x0000, 0x0000, 0x0000, 0x0000, 0x0000, 0x0000, 0x0000, 0x0000,
    0x0000, 0x0000, 0x0000, 0x0000, 0x0000, 0x0000, 0x0000, 0x0000, 0x0000, 0x0000, 0x0000, 0x0000, 0x0000, 0x0000, 0x0000, 0x0000,
    0x0000, 0x0000, 0x0000, 0x0000, 0x0000, 0x0000, 0x0000, 0x0000, 0x0000, 0x0000, 0x0000, 0x0000, 0x0000, 0x0000, 0x0000, 0x0000,
    0x0000, 0x0000, 0x0000, 0x0000, 0x0000, 0x0000, 0x0000, 0x0000, 0x0000, 0x0000, 0x0000, 0x0000, 0x0000, 0x0000, 0x0000, 0x0000,
    0x0000, 0x0000, 0x0000, 0x0000, 0x0000, 0x0000, 0x0000, 0x0000, 0x0000, 0x0000, 0x0000, 0x0000, 0x0000, 0x0000, 0x0000, 0x0000,
    0x0000, 0x0000, 0x0000, 0x0000, 0x0000, 0x0000, 0x0000, 0x0000, 0x0000, 0x0000, 0x0000, 0x0000, 0x0000, 0x0000, 0x0000, 0x0000,
    0x0000, 0x0000, 0x0000, 0x0000, 0x0000, 0x0000, 0x0000, 0x0000, 0x0000, 0x0000, 0x0000, 0x0000, 0x0000, 0x0000, 0x0000, 0x0000,
    0x0000, 0x0000, 0x0000, 0x0000, 0x0000, 0x0000, 0x0000, 0x0000, 0x0000, 0x0000, 0x0000, 0x0000, 0x0000, 0x0000, 0x0000, 0x0000,
    0x0000, 0x0000, 0x0000, 0x0000, 0x0000, 0x0000, 0x0000, 0x0000, 0x0000, 0x0000, 0x0000, 0x0000, 0x0000, 0x0000, 0x0000, 0x0000,
    0x0000, 0x0000, 0x0000, 0x0000, 0x0000, 0x0000, 0x0000, 0x0000, 0x0000, 0x0000, 0x0000, 0x0000, 0x0000, 0x0000, 0x0000, 0x0000,
    0x0000, 0x0000, 0x0000, 0x0000, 0x0000, 0x0000, 0x0000, 0x0000, 0x0000, 0x0000, 0x0000, 0x0000, 0x0000, 0x0000, 0x0000, 0x0000,
    0x0000, 0x0000, 0x0000, 0x0000, 0x0000, 0x0000, 0x0000, 0x0000, 0x0000, 0x0000, 0x0000, 0x0000, 0x0000, 0x0000, 0x0000, 0x0000,
    0x0000, 0x0000, 0x0000, 0x0000, 0x0000, 0x0000, 0x0000, 0x0000, 0x0000, 0x0000, 0x0000, 0x0000, 0x0000, 0x0000, 0x0000, 0x0000,
    0x0000, 0x0000, 0x0000, 0x0000, 0x0000, 0x0000, 0x0000, 0x0000, 0x0000, 0x0000, 0x0000, 0x0000, 0x0000, 0x0000, 0x0000, 0x0000,
    0x0000, 0x0000, 0x0000, 0x0000, 0x0000, 0x0000, 0x0000, 0x0000, 0x0000, 0x0000, 0x0000, 0x0000, 0x0000, 0x0000, 0x0000, 0x0000,
    0x0000, 0x0000, 0x0000, 0x0000, 0x0000, 0x0000, 0x0000, 0x0000, 0x0000, 0x0000, 0x0000, 0x0000, 0x0000, 0x0000, 0x0000, 0x0000,
    0x0000, 0x0000, 0x0000, 0x0000, 0x0000, 0x0000, 0x0000, 0x0000, 0x0000, 0x0000, 0x0000, 0x0000, 0x0000, 0x0000, 0x0000, 0x0000,
    0x0000, 0x0000, 0x0000, 0x0000, 0x0000, 0x0000, 0x0000, 0x0000, 0x0000, 0x0000, 0x0000, 0x0000, 0x0000, 0x0000, 0x0000, 0x0000,
    0x0000, 0x0000, 0x0000, 0x0000, 0x0000, 0x0000, 0x0000, 0x0000, 0x0000, 0x0000, 0x0000, 0x0000, 0x0000, 0x0000, 0x0000, 0x0000,
    0x0000, 0x0000, 0x0000, 0x0000, 0x0000, 0x0000, 0x0000, 0x0000, 0x0000, 0x0000, 0x0000, 0x0000, 0x0000, 0x0000, 0x0000, 0x0000,
    0x0000, 0x0000, 0x0000, 0x0000, 0x0000, 0x0000, 0x0000, 0x0000, 0x0000, 0x0000, 0x0000, 0x0000, 0x0000, 0x0000, 0x0000, 0x0000,
    0x0000, 0x0000, 0x0000, 0x0000, 0x0000, 0x0000, 0x0000, 0x0000, 0x0000, 0x0000, 0x0000, 0x0000, 0x0000, 0x0000, 0x0000, 0x0000,
    0x0000, 0x0000, 0x0000, 0x0000, 0x0000, 0x0000, 0x0000, 0x0000, 0x0000, 0x0000, 0x0000, 0x0000, 0x0000, 0x0000, 0x0000, 0x0000,
    0x0000, 0x0000, 0x0000, 0x0000, 0x0000, 0x0000, 0x0000, 0x0000, 0x0000, 0x0000, 0x0000, 0x0000, 0x0000, 0x0000, 0x0000, 0x0000,
    0x0000, 0x0000, 0x0000, 0x0000, 0x0000, 0x0000, 0x0000, 0xcba6, 0xcba6, 0xcba6, 0x0000, 0x0000, 0x0000, 0x0000, 0x0000, 0x0000,
    0x0000, 0x0000, 0x0000, 0x0000, 0x0000, 0x0000, 0x0000, 0x0000, 0x0000, 0x0000, 0x0000, 0x0000, 0x0000, 0x0000, 0x0000, 0x0000,
    0x0000, 0x0000, 0x0000, 0x0000, 0x0000, 0x0000, 0x0000, 0x0000, 0x0000, 0x0000, 0x0000, 0x0000, 0x0000, 0x0000, 0x0000, 0x0000,
    0x0000, 0x0000, 0x0000, 0x0000, 0x0000, 0x0000, 0x0000, 0x0000, 0x0000, 0x0000, 0x0000, 0x0000, 0x0000, 0x0000, 0x0000, 0x0000,
    0x0000, 0x0000, 0x0000, 0x0000, 0x0000, 0x0000, 0x0000, 0x0000, 0x0000, 0x0000, 0x0000, 0x0000, 0x0000, 0x0000, 0x0000, 0x0000,
    0x0000, 0x0000, 0x0000, 0x0000, 0x0000, 0x0000, 0x0000, 0x0000, 0x0000, 0x0000, 0x0000, 0x0000, 0x0000, 0x0000, 0x0000, 0x0000,
    0x0000, 0x0000, 0x0000, 0x0000, 0x0000, 0x0000, 0x0000, 0x0000, 0x0000, 0x0000, 0x0000, 0x0000, 0x0000, 0x0000, 0x0000, 0x0000,
    0x0000, 0x0000, 0x0000, 0x0000, 0x0000, 0x0000, 0x0000, 0x0000, 0x0000, 0x0000, 0x0000, 0x0000, 0x0000, 0x0000, 0x0000, 0x0000,
    0x0000, 0x0000, 0x0000, 0x0000, 0x0000, 0x0000, 0x0000, 0x0000, 0x0000, 0x0000, 0x0000, 0x0000, 0x0000, 0x0000, 0x0000, 0x0000,
    0x0000, 0x0000, 0x0000, 0x0000, 0x0000, 0x0000, 0x0000, 0x0000, 0x0000, 0x0000, 0x0000, 0x0000, 0x0000, 0x0000, 0xcba6, 0xcba6,
    0x0000, 0x0000, 0x0000, 0x0000, 0x0000, 0x0000, 0x0000, 0xcba6, 0xd342, 0xcba6, 0x0000, 0x0000, 0x0000, 0x0000, 0x0000, 0x0000,
    0x0000, 0x0000, 0x0000, 0x0000, 0x0000, 0x0000, 0x0000, 0x0000, 0x0000, 0x0000, 0x0000, 0x0000, 0x0000, 0x0000, 0x0000, 0x0000,
    0x0000, 0x0000, 0x0000, 0x0000, 0x0000, 0x0000, 0x0000, 0x0000, 0x0000, 0x0000, 0x0000, 0x0000, 0x0000, 0x0000, 0x0000, 0x0000,
    0x0000, 0x0000, 0x0000, 0x0000, 0x0000, 0x0000, 0x0000, 0x0000, 0x0000, 0x0000, 0x0000, 0x0000, 0x0000, 0x0000, 0x0000, 0x0000,
    0x0000, 0x0000, 0x0000, 0x0000, 0x0000, 0x0000, 0x0000, 0x0000, 0x0000, 0x0000, 0x0000, 0x0000, 0x0000, 0x0000, 0x0000, 0x0000,
    0x0000, 0x0000, 0x0000, 0x0000, 0x0000, 0x0000, 0x0000, 0x0000, 0x0000, 0x0000, 0x0000, 0x0000, 0x0000, 0x0000, 0x0000, 0x0000,
    0x0000, 0x0000, 0x0000, 0x0000, 0x0000, 0x0000, 0x0000, 0x0000, 0x0000, 0x0000, 0x0000, 0x0000, 0x0000, 0x0000, 0x0000, 0x0000,
    0x0000, 0x0000, 0x0000, 0x0000, 0x0000, 0x0000, 0x0000, 0x0000, 0x0000, 0x0000, 0x0000, 0x0000, 0x0000, 0x0000, 0x0000, 0x0000,
    0x0000, 0x0000, 0x0000, 0x0000, 0x0000, 0x0000, 0x0000, 0x0000, 0x0000, 0x0000, 0x0000, 0x0000, 0x0000, 0x0000, 0x0000, 0x0000,
    0x0000, 0x0000, 0x0000, 0x0000, 0x0000, 0x0000, 0x0000, 0x0000, 0x0000, 0x0000, 0x0000, 0x0000, 0x0000, 0x0000, 0xcba6, 0xd342,
    0xcba6, 0x0000, 0x0000, 0x0000, 0x0000, 0x0000, 0x0000, 0xcba6, 0xd342, 0xcba6, 0x0000, 0x0000, 0x0000, 0x0000, 0x0000, 0x0000,
    0x0000, 0x0000, 0x0000, 0x0000, 0x0000, 0x0000, 0x0000, 0x0000, 0x0000, 0x0000, 0x0000, 0x0000, 0x0000, 0x0000, 0x0000, 0x0000,
    0x0000, 0x0000, 0x0000, 0x0000, 0x0000, 0x0000, 0x0000, 0x0000, 0x0000, 0x0000, 0x0000, 0x0000, 0x0000, 0x0000, 0x0000, 0x0000,
    0x0000, 0x0000, 0x0000, 0x0000, 0x0000, 0x0000, 0x0000, 0x0000, 0x0000, 0x0000, 0x0000, 0x0000, 0x0000, 0x0000, 0x0000, 0x0000,
    0x0000, 0x0000, 0x0000, 0x0000, 0x0000, 0x0000, 0x0000, 0x0000, 0x0000, 0x0000, 0x0000, 0x0000, 0x0000, 0x0000, 0x0000, 0x0000,
    0x0000, 0x0000, 0x0000, 0x0000, 0x0000, 0x0000, 0x0000, 0x0000, 0x0000, 0x0000, 0x0000, 0x0000, 0x0000, 0x0000, 0x0000, 0x0000,
    0x0000, 0x0000, 0x0000, 0x0000, 0x0000, 0x0000, 0x0000, 0x0000, 0x0000, 0x0000, 0x0000, 0x0000, 0x0000, 0x0000, 0x0000, 0x0000,
    0x0000, 0x0000, 0x0000, 0x0000, 0x0000, 0x0000, 0x0000, 0x0000, 0x0000, 0x0000, 0x0000, 0x0000, 0x0000, 0x0000, 0x0000, 0x0000,
    0x0000, 0x0000, 0x0000, 0x0000, 0x0000, 0x0000, 0x0000, 0x0000, 0x0000, 0x0000, 0x0000, 0xcba6, 0xcba6, 0xcba6, 0x0000, 0x0000,
    0x0000, 0x0000, 0x0000, 0x0000, 0x0000, 0x0000, 0x0000, 0x0000, 0x0000, 0x0000, 0x0000, 0x0000, 0x0000, 0x0000, 0xcba6, 0xcba6,
    0xcba6, 0x0000, 0x0000, 0x0000, 0x0000, 0x0000, 0x0000, 0xcba6, 0xd342, 0xcba6, 0x0000, 0x0000, 0x0000, 0x0000, 0x0000, 0x0000,
    0x0000, 0x0000, 0x0000, 0x0000, 0x0000, 0x0000, 0x0000, 0x0000, 0x0000, 0x0000, 0x0000, 0x0000, 0x0000, 0x0000, 0x0000, 0x0000,
    0x0000, 0x0000, 0x0000, 0x0000, 0x0000, 0x0000, 0x0000, 0x0000, 0x0000, 0x0000, 0x0000, 0x0000, 0x0000, 0x0000, 0x0000, 0x0000,
    0x0000, 0x0000, 0x0000, 0x0000, 0x0000, 0x0000, 0x0000, 0x0000, 0x0000, 0x0000, 0x0000, 0x0000, 0x0000, 0x0000, 0x0000, 0x0000,
    0x0000, 0x0000, 0x0000, 0x0000, 0x0000, 0x0000, 0x0000, 0x0000, 0x0000, 0x0000, 0x0000, 0x0000, 0x0000, 0x0000, 0x0000, 0x0000,
    0x0000, 0x0000, 0x0000, 0x0000, 0x0000, 0x0000, 0x0000, 0x0000, 0x0000, 0x0000, 0x0000, 0x0000, 0x0000, 0x0000, 0x0000, 0x0000,
    0x0000, 0x0000, 0x0000, 0x0000, 0x0000, 0x0000, 0x0000, 0x0000, 0x0000, 0x0000, 0x0000, 0x0000, 0x0000, 0x0000, 0x0000, 0x0000,
    0x0000, 0x0000, 0x0000, 0x0000, 0x0000, 0x0000, 0x0000, 0x0000, 0x0000, 0x0000, 0x0000, 0x0000, 0x0000, 0x0000, 0x0000, 0x0000,
    0x0000, 0x0000, 0x0000, 0x0000, 0x0000, 0x0000, 0x0000, 0x0000, 0x0000, 0x0000, 0x0000, 0xcba6, 0xd342, 0xcba6, 0x0000, 0x0000,
    0x0000, 0x0000, 0x0000, 0x0000, 0x0000, 0x0000, 0x0000, 0x0000, 0x0000, 0x0000, 0x0000, 0x0000, 0x0000, 0x0000, 0x0000, 0x0000,
    0x0000, 0x0000, 0x0000, 0x0000, 0x0000, 0x0000, 0x0000, 0xcba6, 0xd342, 0xcba6, 0x0000, 0x0000, 0x0000, 0x0000, 0x0000, 0x0000,
    0x0000, 0x0000, 0x0000, 0x0000, 0x0000, 0x0000, 0x0000, 0x0000, 0x0000, 0x0000, 0x0000, 0x0000, 0x0000, 0x0000, 0x0000, 0x0000,
    0x0000, 0x0000, 0x0000, 0x0000, 0x0000, 0x0000, 0x0000, 0x0000, 0x0000, 0x0000, 0x0000, 0x0000, 0x0000, 0x0000, 0x0000, 0x0000,
    0x0000, 0x0000, 0x0000, 0x0000, 0x0000, 0x0000, 0x0000, 0x0000, 0x0000, 0x0000, 0x0000, 0x0000, 0x0000, 0x0000, 0x0000, 0x0000,
    0x0000, 0x0000, 0x0000, 0x0000, 0x0000, 0x0000, 0x0000, 0x0000, 0x0000, 0x0000, 0x0000, 0x0000, 0x0000, 0x0000, 0x0000, 0x0000,
    0x0000, 0x0000, 0x0000, 0x0000, 0x0000, 0x0000, 0x0000, 0x0000, 0x0000, 0x0000, 0x0000, 0x0000, 0x0000, 0x0000, 0x0000, 0x0000,
    0x0000, 0x0000, 0xcba6, 0xcba6, 0xcba6, 0xcba6, 0xcba6, 0x0000, 0x0000, 0xcba6, 0xcba6, 0xcba6, 0xcba6, 0xcba6, 0x0000, 0x0000,
    0x0000, 0xcba6, 0xcba6, 0xcba6, 0xcba6, 0xcba6, 0xcba6, 0xcba6, 0x0000, 0x0000, 0x0000, 0x0000, 0xcba6, 0xcba6, 0xcba6, 0xcba6,
    0x0000, 0x0000, 0x0000, 0x0000, 0xcba6, 0xcba6, 0xcba6, 0xcba6, 0xcba6, 0xcba6, 0xcba6, 0xcba6, 0xd342, 0xcba6, 0xcba6, 0xcba6,
    0x0000, 0x0000, 0xcba6, 0xcba6, 0xcba6, 0xcba6, 0xcba6, 0x0000, 0x0000, 0x0000, 0x0000, 0x0000, 0x0000, 0x0000, 0xcba6, 0xcba6,
    0xcba6, 0x0000, 0x0000, 0xcba6, 0xcba6, 0xcba6, 0xcba6, 0xcba6, 0xd342, 0xcba6, 0x0000, 0x0000, 0x0000, 0xcba6, 0xcba6, 0xcba6,
    0xcba6, 0x0000, 0x0000, 0x0000, 0x0000, 0xcba6, 0xcba6, 0xcba6, 0xcba6, 0xcba6, 0x0000, 0x0000, 0x0000, 0xcba6, 0xcba6, 0xcba6,
    0xcba6, 0xcba6, 0x0000, 0x0000, 0x0000, 0x0000, 0x0000, 0x0000, 0x0000, 0x0000, 0x0000, 0x0000, 0x0000, 0x0000, 0x0000, 0x0000,
    0x0000, 0x0000, 0x0000, 0x0000, 0x0000, 0x0000, 0x0000, 0x0000, 0x0000, 0x0000, 0x0000, 0x0000, 0x0000, 0x0000, 0x0000, 0x0000,
    0x0000, 0x0000, 0x0000, 0x0000, 0x0000, 0x0000, 0x0000, 0x0000, 0x0000, 0x0000, 0x0000, 0x0000, 0x0000, 0x0000, 0x0000, 0x0000,
    0x0000, 0x0000, 0x0000, 0x0000, 0x0000, 0x0000, 0x0000, 0x0000, 0x0000, 0x0000, 0x0000, 0x0000, 0x0000, 0x0000, 0x0000, 0x0000,
    0x0000, 0xcba6, 0xcba6, 0xcba6, 0xcba6, 0xcba6, 0xcba6, 0x0000, 0xcba6, 0xd342, 0xcba6, 0xcba6, 0xcba6, 0xd342, 0xcba6, 0x0000,
    0x0000, 0xcba6, 0xd342, 0xcba6, 0xcba6, 0xcba6, 0xcba6, 0xd342, 0xcba6, 0x0000, 0x0000, 0xcba6, 0xcba6, 0xcba6, 0xcba6, 0xcba6,
    0xcba6, 0x0000, 0x0000, 0xcba6, 0xd342, 0xcba6, 0xcba6, 0xcba6, 0xcba6, 0xcba6, 0xcba6, 0xcba6, 0xd342, 0xcba6, 0xcba6, 0xcba6,
    0x0000, 0xcba6, 0xd342, 0xcba6, 0xcba6, 0xcba6, 0xd342, 0xcba6, 0x0000, 0x0000, 0x0000, 0x0000, 0x0000, 0x0000, 0xcba6, 0xd342,
    0xcba6, 0x0000, 0x0000, 0xcba6, 0xcba6, 0xcba6, 0xcba6, 0xcba6, 0xd342, 0xcba6, 0x0000, 0x0000, 0xcba6, 0xcba6, 0xcba6, 0xcba6,
    0xcba6, 0xcba6, 0x0000, 0xcba6, 0xcba6, 0xd342, 0xcba6, 0xcba6, 0xcba6, 0xd342, 0xcba6, 0x0000, 0xcba6, 0xd342, 0xcba6, 0xcba6,
    0xcba6, 0xcba6, 0xcba6, 0x0000, 0x0000, 0x0000, 0x0000, 0x0000, 0x0000, 0x0000, 0x0000, 0x0000, 0x0000, 0x0000, 0x0000, 0x0000,
    0x0000, 0x0000, 0x0000, 0x0000, 0x0000, 0x0000, 0x0000, 0x0000, 0x0000, 0x0000, 0x0000, 0x0000, 0x0000, 0x0000, 0x0000, 0x0000,
    0x0000, 0x0000, 0x0000, 0x0000, 0x0000, 0x0000, 0x0000, 0x0000, 0x0000, 0x0000, 0x0000, 0x0000, 0x0000, 0x0000, 0x0000, 0x0000,
    0x0000, 0x0000, 0x0000, 0x0000, 0x0000, 0x0000, 0x0000, 0x0000, 0x0000, 0x0000, 0x0000, 0x0000, 0x0000, 0x0000, 0x0000, 0x0000,
    0xcba6, 0xd342, 0xcba6, 0x0000, 0x0000, 0xcba6, 0x0000, 0x0000, 0xcba6, 0xcba6, 0x0000, 0x0000, 0x0000, 0xcba6, 0xd342, 0xcba6,
    0x0000, 0xcba6, 0xd342, 0xcba6, 0x0000, 0x0000, 0xcba6, 0xd342, 0xcba6, 0x0000, 0xcba6, 0xd342, 0xcba6, 0x0000, 0x0000, 0xcba6,
    0xd342, 0xcba6, 0x0000, 0xcba6, 0xcba6, 0x0000, 0x0000, 0x0000, 0xcba6, 0x0000, 0x0000, 0xcba6, 0xd342, 0xcba6, 0x0000, 0x0000,
    0x0000, 0xcba6, 0xcba6, 0x0000, 0x0000, 0x0000, 0xcba6, 0xcba6, 0x0000, 0x0000, 0x0000, 0x0000, 0x0000, 0x0000, 0xcba6, 0xd342,
    0xcba6, 0x0000, 0xcba6, 0xd342, 0xcba6, 0x0000, 0x0000, 0xcba6, 0xd342, 0xcba6, 0x0000, 0xcba6, 0xd342, 0xcba6, 0x0000, 0x0000,
    0xcba6, 0xd342, 0xcba6, 0x0000, 0xcba6, 0xcba6, 0x0000, 0x0000, 0xcba6, 0xd342, 0xcba6, 0x0000, 0xcba6, 0xcba6, 0x0000, 0x0000,
    0x0000, 0xcba6, 0x0000, 0x0000, 0x0000, 0x0000, 0x0000, 0x0000, 0x0000, 0x0000, 0x0000, 0x0000, 0x0000, 0x0000, 0x0000, 0x0000,
    0x0000, 0x0000, 0x0000, 0x0000, 0x0000, 0x0000, 0x0000, 0x0000, 0x0000, 0x0000, 0x0000, 0x0000, 0x0000, 0x0000, 0x0000, 0x0000,
    0x0000, 0x0000, 0x0000, 0x0000, 0x0000, 0x0000, 0x0000, 0x0000, 0x0000, 0x0000, 0x0000, 0x0000, 0x0000, 0x0000, 0x0000, 0x0000,
    0x0000, 0x0000, 0x0000, 0x0000, 0x0000, 0x0000, 0x0000, 0x0000, 0x0000, 0x0000, 0x0000, 0x0000, 0x0000, 0x0000, 0x0000, 0x0000,
    0xcba6, 0xcba6, 0x0000, 0x0000, 0x0000, 0x0000, 0x0000, 0xcba6, 0xd342, 0xcba6, 0x0000, 0x0000, 0x0000, 0xcba6, 0xd342, 0xcba6,
    0x0000, 0xcba6, 0xd342, 0xcba6, 0x0000, 0x0000, 0xcba6, 0xd342, 0xcba6, 0x0000, 0xcba6, 0xcba6, 0xcba6, 0xcba6, 0xcba6, 0xcba6,
    0xd342, 0xcba6, 0xcba6, 0xd342, 0xcba6, 0x0000, 0x0000, 0x0000, 0x0000, 0x0000, 0x0000, 0xcba6, 0xd342, 0xcba6, 0x0000, 0x0000,
    0x0000, 0x0000, 0x0000, 0xcba6, 0xcba6, 0xcba6, 0xcba6, 0xcba6, 0x0000, 0x0000, 0x0000, 0x0000, 0x0000, 0x0000, 0xcba6, 0xd342,
    0xcba6, 0x0000, 0xcba6, 0xcba6, 0x0000, 0x0000, 0x0000, 0xcba6, 0xd342, 0xcba6, 0x0000, 0xcba6, 0xcba6, 0xcba6, 0xcba6, 0xcba6,
    0xcba6, 0xd342, 0xcba6, 0x0000, 0x0000, 0x0000, 0xcba6, 0xcba6, 0xcba6, 0xd342, 0xcba6, 0x0000, 0xcba6, 0xd342, 0xcba6, 0xcba6,
    0xcba6, 0x0000, 0x0000, 0x0000, 0x0000, 0x0000, 0x0000, 0x0000, 0x0000, 0x0000, 0x0000, 0x0000, 0x0000, 0x0000, 0x0000, 0x0000,
    0x0000, 0x0000, 0x0000, 0x0000, 0x0000, 0x0000, 0x0000, 0x0000, 0x0000, 0x0000, 0x0000, 0x0000, 0x0000, 0x0000, 0x0000, 0x0000,
    0x0000, 0x0000, 0x0000, 0x0000, 0x0000, 0x0000, 0x0000, 0x0000, 0x0000, 0x0000, 0x0000, 0x0000, 0x0000, 0x0000, 0x0000, 0x0000,
    0x0000, 0x0000, 0x0000, 0x0000, 0x0000, 0x0000, 0x0000, 0x0000, 0x0000, 0x0000, 0x0000, 0x0000, 0x0000, 0x0000, 0x0000, 0x0000,
    0xcba6, 0xcba6, 0x0000, 0x0000, 0x0000, 0x0000, 0x0000, 0xcba6, 0xd342, 0xcba6, 0x0000, 0x0000, 0x0000, 0xcba6, 0xd342, 0xcba6,
    0x0000, 0xcba6, 0xd342, 0xcba6, 0x0000, 0x0000, 0xcba6, 0xd342, 0xcba6, 0x0000, 0xcba6, 0xcba6, 0xcba6, 0xcba6, 0xcba6, 0xcba6,
    0xcba6, 0xcba6, 0xcba6, 0xd342, 0xcba6, 0x0000, 0x0000, 0x0000, 0x0000, 0x0000, 0x0000, 0xcba6, 0xd342, 0xcba6, 0x0000, 0x0000,
    0x0000, 0xcba6, 0xcba6, 0xd342, 0xcba6, 0xcba6, 0xcba6, 0xcba6, 0x0000, 0x0000, 0x0000, 0x0000, 0x0000, 0x0000, 0xcba6, 0xd342,
    0xcba6, 0xcba6, 0xd342, 0xcba6, 0x0000, 0x0000, 0x0000, 0xcba6, 0xd342, 0xcba6, 0x0000, 0xcba6, 0xcba6, 0xcba6, 0xcba6, 0xcba6,
    0xcba6, 0xcba6, 0xcba6, 0x0000, 0xcba6, 0xcba6, 0xd342, 0xcba6, 0xcba6, 0xd342, 0xcba6, 0x0000, 0x0000, 0xcba6, 0xcba6, 0xcba6,
    0xd342, 0xcba6, 0xcba6, 0x0000, 0x0000, 0x0000, 0x0000, 0x0000, 0x0000, 0x0000, 0x0000, 0x0000, 0x0000, 0x0000, 0x0000, 0x0000,
    0x0000, 0x0000, 0x0000, 0x0000, 0x0000, 0x0000, 0x0000, 0x0000, 0x0000, 0x0000, 0x0000, 0x0000, 0x0000, 0x0000, 0x0000, 0x0000,
    0x0000, 0x0000, 0x0000, 0x0000, 0x0000, 0x0000, 0x0000, 0x0000, 0x0000, 0x0000, 0x0000, 0x0000, 0x0000, 0x0000, 0x0000, 0x0000,
    0x0000, 0x0000, 0x0000, 0x0000, 0x0000, 0x0000, 0x0000, 0x0000, 0x0000, 0x0000, 0x0000, 0x0000, 0x0000, 0x0000, 0x0000, 0x0000,
    0xcba6, 0xcba6, 0x0000, 0x0000, 0x0000, 0x0000, 0x0000, 0xcba6, 0xd342, 0xcba6, 0x0000, 0x0000, 0x0000, 0xcba6, 0xd342, 0xcba6,
    0x0000, 0xcba6, 0xd342, 0xcba6, 0x0000, 0x0000, 0xcba6, 0xd342, 0xcba6, 0x0000, 0xcba6, 0xcba6, 0x0000, 0x0000, 0x0000, 0x0000,
    0x0000, 0x0000, 0xcba6, 0xd342, 0xcba6, 0x0000, 0x0000, 0x0000, 0x0000, 0x0000, 0x0000, 0xcba6, 0xd342, 0xcba6, 0x0000, 0x0000,
    0x0000, 0xcba6, 0xcba6, 0xcba6, 0x0000, 0x0000, 0xcba6, 0xcba6, 0x0000, 0x0000, 0x0000, 0x0000, 0x0000, 0x0000, 0xcba6, 0xd342,
    0xcba6, 0x0000, 0xcba6, 0xcba6, 0x0000, 0x0000, 0x0000, 0xcba6, 0xd342, 0xcba6, 0x0000, 0xcba6, 0xcba6, 0x0000, 0x0000, 0x0000,
    0x0000, 0x0000, 0x0000, 0xcba6, 0xd342, 0xcba6, 0xcba6, 0x0000, 0xcba6, 0xd342, 0xcba6, 0x0000, 0x0000, 0x0000, 0x0000, 0x0000,
    0xcba6, 0xd342, 0xcba6, 0x0000, 0x0000, 0x0000, 0x0000, 0x0000, 0x0000, 0x0000, 0x0000, 0x0000, 0x0000, 0x0000, 0x0000, 0x0000,
    0x0000, 0x0000, 0x0000, 0x0000, 0x0000, 0x0000, 0x0000, 0x0000, 0x0000, 0x0000, 0x0000, 0x0000, 0x0000, 0x0000, 0x0000, 0x0000,
    0x0000, 0x0000, 0x0000, 0x0000, 0x0000, 0x0000, 0x0000, 0x0000, 0x0000, 0x0000, 0x0000, 0x0000, 0x0000, 0x0000, 0x0000, 0x0000,
    0x0000, 0x0000, 0x0000, 0x0000, 0x0000, 0x0000, 0x0000, 0x0000, 0x0000, 0x0000, 0x0000, 0x0000, 0x0000, 0x0000, 0x0000, 0x0000,
    0xcba6, 0xd342, 0xcba6, 0x0000, 0x0000, 0xcba6, 0xcba6, 0x0000, 0xcba6, 0xcba6, 0x0000, 0x0000, 0xcba6, 0xcba6, 0xd342, 0xcba6,
    0x0000, 0xcba6, 0xd342, 0xcba6, 0x0000, 0x0000, 0xcba6, 0xd342, 0xcba6, 0x0000, 0xcba6, 0xd342, 0xcba6, 0x0000, 0x0000, 0x0000,
    0xcba6, 0x0000, 0xcba6, 0xcba6, 0xcba6, 0xcba6, 0x0000, 0x0000, 0xcba6, 0x0000, 0x0000, 0xcba6, 0xd342, 0xcba6, 0x0000, 0xcba6,
    0xcba6, 0xd342, 0xcba6, 0x0000, 0x0000, 0xcba6, 0xcba6, 0xcba6, 0x0000, 0x0000, 0x0000, 0x0000, 0x0000, 0x0000, 0xcba6, 0xd342,
    0xcba6, 0x0000, 0xcba6, 0xd342, 0xcba6, 0x0000, 0x0000, 0xcba6, 0xd342, 0xcba6, 0x0000, 0xcba6, 0xd342, 0xcba6, 0x0000, 0x0000,
    0x0000, 0xcba6, 0x0000, 0xcba6, 0xd342, 0xcba6, 0x0000, 0x0000, 0xcba6, 0xd342, 0xcba6, 0x0000, 0xcba6, 0xcba6, 0x0000, 0x0000,
    0x0000, 0xcba6, 0xcba6, 0x0000, 0x0000, 0x0000, 0x0000, 0x0000, 0x0000, 0x0000, 0x0000, 0x0000, 0x0000, 0x0000, 0x0000, 0x0000,
    0x0000, 0x0000, 0x0000, 0x0000, 0x0000, 0x0000, 0x0000, 0x0000, 0x0000, 0x0000, 0x0000, 0x0000, 0x0000, 0x0000, 0x0000, 0x0000,
    0x0000, 0x0000, 0x0000, 0x0000, 0x0000, 0x0000, 0x0000, 0x0000, 0x0000, 0x0000, 0x0000, 0x0000, 0x0000, 0x0000, 0x0000, 0x0000,
    0x0000, 0x0000, 0x0000, 0x0000, 0x0000, 0x0000, 0x0000, 0x0000, 0x0000, 0x0000, 0x0000, 0x0000, 0x0000, 0x0000, 0x0000, 0x0000,
    0xcba6, 0xcba6, 0xcba6, 0xcba6, 0xcba6, 0xd342, 0xcba6, 0x0000, 0xcba6, 0xd342, 0xcba6, 0xcba6, 0xd342, 0xd342, 0xcba6, 0x0000,
    0x0000, 0xcba6, 0xd342, 0xcba6, 0x0000, 0x0000, 0xcba6, 0xd342, 0xcba6, 0x0000, 0x0000, 0xcba6, 0xd342, 0xcba6, 0xcba6, 0xcba6,
    0xd342, 0xcba6, 0x0000, 0xcba6, 0xd342, 0xcba6, 0xcba6, 0xcba6, 0xd342, 0xcba6, 0x0000, 0xcba6, 0xd342, 0xd342, 0xcba6, 0xcba6,
    0xcba6, 0xcba6, 0xd342, 0xcba6, 0xcba6, 0xd342, 0xcba6, 0xcba6, 0x0000, 0x0000, 0x0000, 0x0000, 0x0000, 0x0000, 0xcba6, 0xd342,
    0xcba6, 0x0000, 0xcba6, 0xd342, 0xcba6, 0xcba6, 0xcba6, 0xcba6, 0xd342, 0xcba6, 0x0000, 0x0000, 0xcba6, 0xd342, 0xcba6, 0xcba6,
    0xcba6, 0xd342, 0xcba6, 0xcba6, 0xd342, 0xcba6, 0xcba6, 0xcba6, 0xcba6, 0xd342, 0xcba6, 0xcba6, 0xcba6, 0xd342, 0xcba6, 0xcba6,
    0xcba6, 0xd342, 0xcba6, 0x0000, 0x0000, 0x0000, 0x0000, 0x0000, 0x0000, 0x0000, 0x0000, 0x0000, 0x0000, 0x0000, 0x0000, 0x0000,
    0x0000, 0x0000, 0x0000, 0x0000, 0x0000, 0x0000, 0x0000, 0x0000, 0x0000, 0x0000, 0x0000, 0x0000, 0x0000, 0x0000, 0x0000, 0x0000,
    0x0000, 0x0000, 0x0000, 0x0000, 0x0000, 0x0000, 0x0000, 0x0000, 0x0000, 0x0000, 0x0000, 0x0000, 0x0000, 0x0000, 0x0000, 0x0000,
    0x0000, 0x0000, 0x0000, 0x0000, 0x0000, 0x0000, 0x0000, 0x0000, 0x0000, 0x0000, 0x0000, 0x0000, 0x0000, 0x0000, 0x0000, 0x0000,
    0x0000, 0x0000, 0xcba6, 0xcba6, 0xcba6, 0xcba6, 0x0000, 0x0000, 0x0000, 0xcba6, 0xcba6, 0xcba6, 0xcba6, 0xcba6, 0x0000, 0x0000,
    0x0000, 0xcba6, 0xcba6, 0xcba6, 0x0000, 0x0000, 0xcba6, 0xcba6, 0xcba6, 0x0000, 0x0000, 0x0000, 0xcba6, 0xcba6, 0xcba6, 0xcba6,
    0xcba6, 0x0000, 0x0000, 0x0000, 0xcba6, 0xcba6, 0xcba6, 0xcba6, 0xcba6, 0x0000, 0x0000, 0x0000, 0xcba6, 0xcba6, 0xcba6, 0xcba6,
    0xcba6, 0xcba6, 0xcba6, 0xcba6, 0xcba6, 0xcba6, 0xcba6, 0xcba6, 0x0000, 0x0000, 0x0000, 0x0000, 0x0000, 0x0000, 0xcba6, 0xcba6,
    0xcba6, 0x0000, 0x0000, 0xcba6, 0xcba6, 0xcba6, 0xcba6, 0xcba6, 0xcba6, 0xcba6, 0x0000, 0x0000, 0x0000, 0xcba6, 0xcba6, 0xcba6,
    0xcba6, 0xcba6, 0x0000, 0x0000, 0xcba6, 0xcba6, 0xcba6, 0xcba6, 0x0000, 0xcba6, 0xcba6, 0x0000, 0x0000, 0xcba6, 0xcba6, 0xcba6,
    0xcba6, 0xcba6, 0x0000, 0x0000, 0x0000, 0x0000, 0x0000, 0x0000, 0x0000, 0x0000, 0x0000, 0x0000, 0x0000, 0x0000, 0x0000, 0x0000,
    0x0000, 0x0000, 0x0000, 0x0000, 0x0000, 0x0000, 0x0000, 0x0000, 0x0000, 0x0000, 0x0000, 0x0000, 0x0000, 0x0000, 0x0000, 0x0000,
    0x0000, 0x0000, 0x0000, 0x0000, 0x0000, 0x0000, 0x0000, 0x0000, 0x0000, 0x0000, 0x0000, 0x0000, 0x0000, 0x0000, 0x0000, 0x0000,
    0x0000, 0x0000, 0x0000, 0x0000, 0x0000, 0x0000, 0x0000, 0x0000, 0x0000, 0x0000, 0x0000, 0x0000, 0x0000, 0x0000, 0x0000, 0x0000,
    0x0000, 0x0000, 0x0000, 0x0000, 0x0000, 0x0000, 0x0000, 0x0000, 0x0000, 0x0000, 0x0000, 0x0000, 0x0000, 0x0000, 0x0000, 0x0000,
    0x0000, 0x0000, 0x0000, 0x0000, 0x0000, 0x0000, 0x0000, 0x0000, 0x0000, 0x0000, 0x0000, 0x0000, 0x0000, 0x0000, 0x0000, 0x0000,
    0x0000, 0x0000, 0x0000, 0x0000, 0x0000, 0x0000, 0x0000, 0x0000, 0x0000, 0x0000, 0x0000, 0x0000, 0x0000, 0x0000, 0x0000, 0x0000,
    0x0000, 0x0000, 0x0000, 0x0000, 0x0000, 0x0000, 0x0000, 0x0000, 0x0000, 0x0000, 0x0000, 0x0000, 0x0000, 0x0000, 0x0000, 0x0000,
    0x0000, 0x0000, 0x0000, 0x0000, 0x0000, 0x0000, 0x0000, 0x0000, 0x0000, 0x0000, 0x0000, 0x0000, 0x0000, 0x0000, 0x0000, 0x0000,
    0x0000, 0x0000, 0x0000, 0x0000, 0x0000, 0x0000, 0x0000, 0x0000, 0x0000, 0x0000, 0x0000, 0x0000, 0x0000, 0x0000, 0x0000, 0x0000,
    0x0000, 0x0000, 0x0000, 0x0000, 0x0000, 0x0000, 0x0000, 0x0000, 0x0000, 0x0000, 0x0000, 0x0000, 0x0000, 0x0000, 0x0000, 0x0000,
    0x0000, 0x0000, 0x0000, 0x0000, 0x0000, 0x0000, 0x0000, 0x0000, 0x0000, 0x0000, 0x0000, 0x0000, 0x0000, 0x0000, 0x0000, 0x0000,
    0x0000, 0x0000, 0x0000, 0x0000, 0x0000, 0x0000, 0x0000, 0x0000, 0x0000, 0x0000, 0x0000, 0x0000, 0x0000, 0x0000, 0x0000, 0x0000,
    0x0000, 0x0000, 0x0000, 0x0000, 0x0000, 0x0000, 0x0000, 0x0000, 0x0000, 0x0000, 0x0000, 0x0000, 0x0000, 0x0000, 0x0000, 0x0000,
    0x0000, 0x0000, 0x0000, 0x0000, 0x0000, 0x0000, 0x0000, 0x0000, 0x0000, 0x0000, 0x0000, 0x0000, 0x0000, 0x0000, 0x0000, 0x0000,
    0x0000, 0x0000, 0x0000, 0x0000, 0x0000, 0x0000, 0x0000, 0x0000, 0x0000, 0x0000, 0x0000, 0x0000, 0x0000, 0x0000, 0x0000, 0x0000,
    0x0000, 0x0000, 0x0000, 0x0000, 0x0000, 0x0000, 0x0000, 0x0000, 0x0000, 0x0000, 0x0000, 0x0000, 0x0000, 0x0000, 0x0000, 0x0000,
    0x0000, 0x0000, 0x0000, 0x0000, 0x0000, 0x0000, 0x0000, 0x0000, 0x0000, 0x0000, 0x0000, 0x0000, 0x0000, 0x0000, 0x0000, 0x0000,
    0x0000, 0x0000, 0x0000, 0x0000, 0x0000, 0x0000, 0x0000, 0x0000, 0x0000, 0x0000, 0x0000, 0x0000, 0x0000, 0x0000, 0x0000, 0x0000,
    0x0000, 0x0000, 0x0000, 0x0000, 0x0000, 0x0000, 0x0000, 0x0000, 0x0000, 0x0000, 0x0000, 0x0000, 0x0000, 0x0000, 0x0000, 0x0000,
    0x0000, 0x0000, 0x0000, 0x0000, 0x0000, 0x0000, 0x0000, 0x0000, 0x0000, 0x0000, 0x0000, 0x0000, 0x0000, 0x0000, 0x0000, 0x0000,
    0x0000, 0x0000, 0x0000, 0x0000, 0x0000, 0x0000, 0x0000, 0x0000, 0x0000, 0x0000, 0x0000, 0x0000, 0x0000, 0x0000, 0x0000, 0x0000,
    0x0000, 0x0000, 0x0000, 0x0000, 0x0000, 0x0000, 0x0000, 0x0000, 0x0000, 0x0000, 0x0000, 0x0000, 0x0000, 0x0000, 0x0000, 0x0000,
    0x0000, 0x0000, 0x0000, 0x0000, 0x0000, 0x0000, 0x0000, 0x0000, 0x0000, 0x0000, 0x0000, 0x0000, 0x0000, 0x0000, 0x0000, 0x0000,
    0x0000, 0x0000, 0x0000, 0x0000, 0x0000, 0x0000, 0x0000, 0x0000, 0x0000, 0x0000, 0x0000, 0x0000, 0x0000, 0x0000, 0x0000, 0x0000,
    0x0000, 0x0000, 0x0000, 0x0000, 0x0000, 0xcba6, 0xcba6, 0xcba6, 0x0000, 0x0000, 0x0000, 0x0000, 0x0000, 0x0000, 0x0000, 0x0000,
    0x0000, 0x0000, 0x0000, 0x0000, 0x0000, 0x0000, 0x0000, 0x0000, 0x0000, 0x0000, 0x0000, 0x0000, 0x0000, 0x0000, 0x0000, 0xcba6,
    0xcba6, 0x0000, 0x0000, 0x0000, 0x0000, 0x0000, 0x0000, 0x0000, 0x0000, 0x0000, 0x0000, 0x0000, 0x0000, 0x0000, 0x0000, 0x0000,
    0x0000, 0x0000, 0x0000, 0x0000, 0x0000, 0x0000, 0x0000, 0x0000, 0x0000, 0x0000, 0x0000, 0x0000, 0x0000, 0x0000, 0x0000, 0x0000,
    0x0000, 0x0000, 0x0000, 0x0000, 0x0000, 0x0000, 0x0000, 0x0000, 0x0000, 0x0000, 0x0000, 0x0000, 0x0000, 0x0000, 0x0000, 0xcba6,
    0xcba6, 0x0000, 0x0000, 0x0000, 0x0000, 0x0000, 0x0000, 0x0000, 0x0000, 0x0000, 0x0000, 0x0000, 0xcba6, 0xcba6, 0xcba6, 0x0000,
    0x0000, 0x0000, 0x0000, 0x0000, 0x0000, 0x0000, 0x0000, 0x0000, 0x0000, 0x0000, 0x0000, 0x0000, 0x0000, 0x0000, 0xcba6, 0xcba6,
    0xcba6, 0x0000, 0x0000, 0x0000, 0x0000, 0x0000, 0x0000, 0x0000, 0x0000, 0x0000, 0x0000, 0x0000, 0x0000, 0x0000, 0x0000, 0x0000,
    0x0000, 0x0000, 0x0000, 0x0000, 0x0000, 0x0000, 0x0000, 0x0000, 0x0000, 0x0000, 0x0000, 0x0000, 0x0000, 0x0000, 0x0000, 0x0000,
    0x0000, 0x0000, 0x0000, 0x0000, 0x0000, 0x0000, 0x0000, 0x0000, 0x0000, 0x0000, 0x0000, 0x0000, 0x0000, 0x0000, 0x0000, 0x0000,
    0x0000, 0x0000, 0x0000, 0x0000, 0x0000, 0xcba6, 0xd342, 0xcba6, 0x0000, 0x0000, 0x0000, 0x0000, 0x0000, 0x0000, 0x0000, 0x0000,
    0x0000, 0x0000, 0x0000, 0x0000, 0x0000, 0x0000, 0x0000, 0x0000, 0x0000, 0x0000, 0x0000, 0x0000, 0x0000, 0x0000, 0x0000, 0xcba6,
    0xcba6, 0x0000, 0x0000, 0x0000, 0x0000, 0x0000, 0x0000, 0x0000, 0x0000, 0x0000, 0x0000, 0x0000, 0x0000, 0x0000, 0x0000, 0x0000,
    0x0000, 0x0000, 0x0000, 0x0000, 0x0000, 0x0000, 0x0000, 0x0000, 0x0000, 0x0000, 0x0000, 0x0000, 0x0000, 0x0000, 0x0000, 0x0000,
    0x0000, 0x0000, 0x0000, 0x0000, 0x0000, 0x0000, 0x0000, 0x0000, 0x0000, 0x0000, 0x0000, 0x0000, 0x0000, 0x0000, 0x0000, 0xcba6,
    0xcba6, 0x0000, 0x0000, 0xcba6, 0xcba6, 0x0000, 0x0000, 0x0000, 0x0000, 0x0000, 0x0000, 0x0000, 0xcba6, 0xd342, 0xcba6, 0x0000,
    0x0000, 0x0000, 0x0000, 0x0000, 0x0000, 0x0000, 0x0000, 0x0000, 0x0000, 0x0000, 0x0000, 0x0000, 0x0000, 0x0000, 0xcba6, 0xd342,
    0xcba6, 0x0000, 0x0000, 0x0000, 0x0000, 0x0000, 0x0000, 0x0000, 0x0000, 0x0000, 0x0000, 0x0000, 0x0000, 0x0000, 0x0000, 0x0000,
    0x0000, 0x0000, 0x0000, 0x0000, 0x0000, 0x0000, 0x0000, 0x0000, 0x0000, 0x0000, 0x0000, 0x0000, 0x0000, 0x0000, 0x0000, 0x0000,
    0x0000, 0x0000, 0x0000, 0x0000, 0x0000, 0x0000, 0x0000, 0x0000, 0x0000, 0x0000, 0x0000, 0x0000, 0x0000, 0x0000, 0x0000, 0x0000,
    0x0000, 0x0000, 0x0000, 0x0000, 0x0000, 0xcba6, 0xd342, 0xcba6, 0x0000, 0x0000, 0x0000, 0x0000, 0x0000, 0x0000, 0x0000, 0x0000,
    0x0000, 0x0000, 0x0000, 0x0000, 0x0000, 0x0000, 0x0000, 0x0000, 0x0000, 0x0000, 0x0000, 0x0000, 0x0000, 0x0000, 0x0000, 0xcba6,
    0xcba6, 0x0000, 0x0000, 0x0000, 0x0000, 0x0000, 0x0000, 0x0000, 0x0000, 0x0000, 0x0000, 0x0000, 0x0000, 0x0000, 0x0000, 0x0000,
    0x0000, 0x0000, 0x0000, 0x0000, 0x0000, 0x0000, 0x0000, 0x0000, 0x0000, 0x0000, 0x0000, 0x0000, 0x0000, 0x0000, 0x0000, 0x0000,
    0x0000, 0x0000, 0x0000, 0x0000, 0x0000, 0x0000, 0x0000, 0x0000, 0x0000, 0x0000, 0x0000, 0x0000, 0x0000, 0x0000, 0x0000, 0xcba6,
    0xcba6, 0x0000, 0xcba6, 0xd342, 0xd342, 0xcba6, 0x0000, 0x0000, 0x0000, 0x0000, 0x0000, 0x0000, 0xcba6, 0xd342, 0xcba6, 0x0000,
    0x0000, 0x0000, 0x0000, 0x0000, 0x0000, 0x0000, 0x0000, 0x0000, 0x0000, 0x0000, 0x0000, 0x0000, 0x0000, 0x0000, 0xcba6, 0xd342,
    0xcba6, 0x0000, 0x0000, 0x0000, 0x0000, 0x0000, 0x0000, 0x0000, 0x0000, 0x0000, 0x0000, 0x0000, 0x0000, 0x0000, 0x0000, 0x0000,
    0x0000, 0x0000, 0x0000, 0x0000, 0x0000, 0x0000, 0x0000, 0x0000, 0x0000, 0x0000, 0x0000, 0x0000, 0x0000, 0x0000, 0x0000, 0x0000,
    0x0000, 0x0000, 0x0000, 0x0000, 0x0000, 0x0000, 0x0000, 0x0000, 0x0000, 0x0000, 0x0000, 0x0000, 0x0000, 0x0000, 0x0000, 0x0000,
    0x0000, 0x0000, 0x0000, 0x0000, 0x0000, 0xcba6, 0xd342, 0xcba6, 0x0000, 0x0000, 0x0000, 0x0000, 0x0000, 0x0000, 0x0000, 0x0000,
    0x0000, 0x0000, 0x0000, 0x0000, 0x0000, 0x0000, 0x0000, 0x0000, 0x0000, 0x0000, 0x0000, 0x0000, 0x0000, 0x0000, 0x0000, 0xcba6,
    0xcba6, 0x0000, 0x0000, 0x0000, 0x0000, 0x0000, 0x0000, 0x0000, 0x0000, 0x0000, 0x0000, 0x0000, 0x0000, 0x0000, 0x0000, 0x0000,
    0x0000, 0x0000, 0x0000, 0x0000, 0x0000, 0x0000, 0x0000, 0x0000, 0x0000, 0x0000, 0x0000, 0x0000, 0x0000, 0x0000, 0x0000, 0x0000,
    0x0000, 0x0000, 0x0000, 0x0000, 0x0000, 0x0000, 0x0000, 0x0000, 0x0000, 0x0000, 0x0000, 0x0000, 0x0000, 0x0000, 0x0000, 0xcba6,
    0xcba6, 0x0000, 0x0000, 0xcba6, 0xcba6, 0x0000, 0x0000, 0x0000, 0x0000, 0x0000, 0x0000, 0x0000, 0xcba6, 0xd342, 0xcba6, 0x0000,
    0x0000, 0x0000, 0x0000, 0x0000, 0x0000, 0x0000, 0x0000, 0x0000, 0x0000, 0x0000, 0x0000, 0x0000, 0x0000, 0x0000, 0xcba6, 0xd342,
    0xcba6, 0x0000, 0x0000, 0x0000, 0x0000, 0x0000, 0x0000, 0x0000, 0x0000, 0x0000, 0x0000, 0x0000, 0x0000, 0x0000, 0x0000, 0x0000,
    0x0000, 0x0000, 0x0000, 0x0000, 0x0000, 0x0000, 0x0000, 0x0000, 0x0000, 0x0000, 0x0000, 0x0000, 0x0000, 0x0000, 0x0000, 0x0000,
    0x0000, 0x0000, 0x0000, 0x0000, 0x0000, 0x0000, 0x0000, 0x0000, 0x0000, 0x0000, 0x0000, 0x0000, 0x0000, 0x0000, 0x0000, 0x0000,
    0x0000, 0x0000, 0x0000, 0x0000, 0x0000, 0xcba6, 0xd342, 0xcba6, 0x0000, 0x0000, 0x0000, 0x0000, 0x0000, 0x0000, 0x0000, 0x0000,
    0x0000, 0x0000, 0x0000, 0x0000, 0x0000, 0x0000, 0x0000, 0x0000, 0x0000, 0x0000, 0x0000, 0x0000, 0x0000, 0x0000, 0x0000, 0xcba6,
    0xcba6, 0x0000, 0x0000, 0x0000, 0x0000, 0x0000, 0x0000, 0x0000, 0x0000, 0x0000, 0x0000, 0x0000, 0x0000, 0x0000, 0x0000, 0x0000,
    0x0000, 0x0000, 0x0000, 0x0000, 0x0000, 0x0000, 0x0000, 0x0000, 0x0000, 0x0000, 0x0000, 0x0000, 0x0000, 0x0000, 0x0000, 0x0000,
    0x0000, 0x0000, 0x0000, 0x0000, 0x0000, 0x0000, 0x0000, 0x0000, 0x0000, 0x0000, 0x0000, 0x0000, 0x0000, 0x0000, 0x0000, 0xcba6,
    0xcba6, 0x0000, 0x0000, 0x0000, 0x0000, 0x0000, 0x0000, 0x0000, 0x0000, 0x0000, 0x0000, 0x0000, 0xcba6, 0xd342, 0xcba6, 0x0000,
    0x0000, 0x0000, 0x0000, 0x0000, 0x0000, 0x0000, 0x0000, 0x0000, 0x0000, 0x0000, 0x0000, 0x0000, 0x0000, 0x0000, 0xcba6, 0xd342,
    0xcba6, 0x0000, 0x0000, 0x0000, 0x0000, 0x0000, 0x0000, 0x0000, 0x0000, 0x0000, 0x0000, 0x0000, 0x0000, 0x0000, 0x0000, 0x0000,
    0x0000, 0x0000, 0x0000, 0x0000, 0x0000, 0x0000, 0x0000, 0x0000, 0x0000, 0x0000, 0x0000, 0x0000, 0x0000, 0x0000, 0x0000, 0x0000,
    0x0000, 0x0000, 0x0000, 0x0000, 0x0000, 0x0000, 0x0000, 0x0000, 0x0000, 0x0000, 0x0000, 0x0000, 0x0000, 0x0000, 0x0000, 0x0000,
    0x0000, 0x0000, 0x0000, 0x0000, 0x0000, 0xcba6, 0xd342, 0xcba6, 0xcba6, 0xcba6, 0xcba6, 0xcba6, 0x0000, 0x0000, 0x0000, 0x0000,
    0xcba6, 0xcba6, 0xcba6, 0xcba6, 0xcba6, 0x0000, 0x0000, 0xcba6, 0xcba6, 0xcba6, 0xcba6, 0xcba6, 0xcba6, 0xcba6, 0x0000, 0xcba6,
    0xcba6, 0x0000, 0x0000, 0x0000, 0xcba6, 0xcba6, 0xcba6, 0xcba6, 0xcba6, 0x0000, 0x0000, 0x0000, 0xcba6, 0xcba6, 0xcba6, 0xcba6,
    0xcba6, 0xcba6, 0x0000, 0x0000, 0x0000, 0x0000, 0x0000, 0x0000, 0xcba6, 0xcba6, 0xcba6, 0xcba6, 0xcba6, 0xcba6, 0x0000, 0xcba6,
    0xcba6, 0xcba6, 0xcba6, 0xcba6, 0x0000, 0x0000, 0x0000, 0xcba6, 0xcba6, 0xcba6, 0xcba6, 0xcba6, 0x0000, 0x0000, 0x0000, 0xcba6,
    0xcba6, 0x0000, 0x0000, 0xcba6, 0xcba6, 0x0000, 0x0000, 0x0000, 0xcba6, 0xcba6, 0xcba6, 0xcba6, 0xcba6, 0xd342, 0xcba6, 0x0000,
    0x0000, 0xcba6, 0xcba6, 0xcba6, 0xcba6, 0xcba6, 0x0000, 0x0000, 0x0000, 0x0000, 0xcba6, 0xcba6, 0xcba6, 0xcba6, 0xcba6, 0xd342,
    0xcba6, 0x0000, 0x0000, 0x0000, 0x0000, 0x0000, 0x0000, 0x0000, 0x0000, 0x0000, 0x0000, 0x0000, 0x0000, 0x0000, 0x0000, 0x0000,
    0x0000, 0x0000, 0x0000, 0x0000, 0x0000, 0x0000, 0x0000, 0x0000, 0x0000, 0x0000, 0x0000, 0x0000, 0x0000, 0x0000, 0x0000, 0x0000,
    0x0000, 0x0000, 0x0000, 0x0000, 0x0000, 0x0000, 0x0000, 0x0000, 0x0000, 0x0000, 0x0000, 0x0000, 0x0000, 0x0000, 0x0000, 0x0000,
    0x0000, 0x0000, 0x0000, 0x0000, 0x0000, 0xcba6, 0xd342, 0xcba6, 0xcba6, 0xcba6, 0xcba6, 0xd342, 0xcba6, 0x0000, 0xcba6, 0xcba6,
    0xcba6, 0xcba6, 0xcba6, 0xcba6, 0xcba6, 0xcba6, 0x0000, 0xcba6, 0xcba6, 0xcba6, 0xcba6, 0xcba6, 0xd342, 0xcba6, 0x0000, 0xcba6,
    0xcba6, 0x0000, 0x0000, 0xcba6, 0xd342, 0xcba6, 0xcba6, 0xcba6, 0xd342, 0xcba6, 0x0000, 0xcba6, 0xd342, 0xcba6, 0xcba6, 0xcba6,
    0xcba6, 0xcba6, 0x0000, 0x0000, 0x0000, 0x0000, 0x0000, 0x0000, 0xcba6, 0xcba6, 0xd342, 0xcba6, 0xcba6, 0x0000, 0xcba6, 0xd342,
    0xcba6, 0xcba6, 0xcba6, 0xd342, 0xcba6, 0x0000, 0xcba6, 0xd342, 0xcba6, 0xcba6, 0xcba6, 0xd342, 0xcba6, 0x0000, 0x0000, 0xcba6,
    0xcba6, 0x0000, 0x0000, 0xcba6, 0xcba6, 0x0000, 0x0000, 0xcba6, 0xd342, 0xcba6, 0xcba6, 0xcba6, 0xcba6, 0xd342, 0xcba6, 0x0000,
    0xcba6, 0xd342, 0xcba6, 0xcba6, 0xcba6, 0xd342, 0xcba6, 0x0000, 0x0000, 0xcba6, 0xd342, 0xcba6, 0xcba6, 0xcba6, 0xcba6, 0xd342,
    0xcba6, 0x0000, 0x0000, 0x0000, 0x0000, 0x0000, 0x0000, 0x0000, 0x0000, 0x0000, 0x0000, 0x0000, 0x0000, 0x0000, 0x0000, 0x0000,
    0x0000, 0x0000, 0x0000, 0x0000, 0x0000, 0x0000, 0x0000, 0x0000, 0x0000, 0x0000, 0x0000, 0x0000, 0x0000, 0x0000, 0x0000, 0x0000,
    0x0000, 0x0000, 0x0000, 0x0000, 0x0000, 0x0000, 0x0000, 0x0000, 0x0000, 0x0000, 0x0000, 0x0000, 0x0000, 0x0000, 0x0000, 0x0000,
    0x0000, 0x0000, 0x0000, 0x0000, 0x0000, 0xcba6, 0xd342, 0xcba6, 0x0000, 0x0000, 0x0000, 0xcba6, 0xcba6, 0x0000, 0x0000, 0xcba6,
    0x0000, 0x0000, 0x0000, 0xcba6, 0xd342, 0xcba6, 0x0000, 0x0000, 0x0000, 0x0000, 0xcba6, 0xd342, 0xcba6, 0x0000, 0x0000, 0xcba6,
    0xcba6, 0x0000, 0x0000, 0xcba6, 0xcba6, 0x0000, 0x0000, 0xcba6, 0xd342, 0xcba6, 0x0000, 0xcba6, 0xd342, 0xcba6, 0x0000, 0x0000,
    0xcba6, 0x0000, 0x0000, 0x0000, 0x0000, 0x0000, 0x0000, 0x0000, 0xcba6, 0xcba6, 0xcba6, 0x0000, 0x0000, 0xcba6, 0xd342, 0xcba6,
    0x0000, 0x0000, 0x0000, 0xcba6, 0xcba6, 0x0000, 0xcba6, 0xcba6, 0x0000, 0x0000, 0x0000, 0xcba6, 0xcba6, 0x0000, 0x0000, 0xcba6,
    0xcba6, 0x0000, 0x0000, 0xcba6, 0xcba6, 0x0000, 0x0000, 0xcba6, 0xcba6, 0xcba6, 0x0000, 0x0000, 0xcba6, 0xd342, 0xcba6, 0x0000,
    0x0000, 0xcba6, 0x0000, 0x0000, 0x0000, 0xcba6, 0xcba6, 0x0000, 0x0000, 0xcba6, 0xcba6, 0x0000, 0x0000, 0x0000, 0xcba6, 0xd342,
    0xcba6, 0x0000, 0x0000, 0x0000, 0x0000, 0x0000, 0x0000, 0x0000, 0x0000, 0x0000, 0x0000, 0x0000, 0x0000, 0x0000, 0x0000, 0x0000,
    0x0000, 0x0000, 0x0000, 0x0000, 0x0000, 0x0000, 0x0000, 0x0000, 0x0000, 0x0000, 0x0000, 0x0000, 0x0000, 0x0000, 0x0000, 0x0000,
    0x0000, 0x0000, 0x0000, 0x0000, 0x0000, 0x0000, 0x0000, 0x0000, 0x0000, 0x0000, 0x0000, 0x0000, 0x0000, 0x0000, 0x0000, 0x0000,
    0x0000, 0x0000, 0x0000, 0x0000, 0x0000, 0xcba6, 0xd342, 0xcba6, 0x0000, 0x0000, 0x0000, 0xcba6, 0xcba6, 0x0000, 0x0000, 0x0000,
    0x0000, 0xcba6, 0xcba6, 0xcba6, 0xd342, 0xcba6, 0x0000, 0x0000, 0x0000, 0xcba6, 0xd342, 0xcba6, 0x0000, 0x0000, 0x0000, 0xcba6,
    0xcba6, 0x0000, 0x0000, 0x0000, 0x0000, 0xcba6, 0xcba6, 0xcba6, 0xd342, 0xcba6, 0x0000, 0xcba6, 0xd342, 0xcba6, 0xcba6, 0xcba6,
    0x0000, 0x0000, 0x0000, 0x0000, 0x0000, 0x0000, 0x0000, 0x0000, 0xcba6, 0xcba6, 0x0000, 0x0000, 0x0000, 0xcba6, 0xd342, 0xcba6,
    0xcba6, 0xcba6, 0xcba6, 0xcba6, 0xcba6, 0x0000, 0x0000, 0x0000, 0xcba6, 0xcba6, 0xcba6, 0xcba6, 0xcba6, 0x0000, 0x0000, 0xcba6,
    0xcba6, 0x0000, 0x0000, 0xcba6, 0xcba6, 0x0000, 0xcba6, 0xd342, 0xcba6, 0x0000, 0x0000, 0x0000, 0xcba6, 0xd342, 0xcba6, 0x0000,
    0x0000, 0x0000, 0xcba6, 0xcba6, 0xcba6, 0xcba6, 0xcba6, 0x0000, 0xcba6, 0xd342, 0xcba6, 0x0000, 0x0000, 0x0000, 0xcba6, 0xd342,
    0xcba6, 0x0000, 0x0000, 0x0000, 0x0000, 0x0000, 0x0000, 0x0000, 0x0000, 0x0000, 0x0000, 0x0000, 0x0000, 0x0000, 0x0000, 0x0000,
    0x0000, 0x0000, 0x0000, 0x0000, 0x0000, 0x0000, 0x0000, 0x0000, 0x0000, 0x0000, 0x0000, 0x0000, 0x0000, 0x0000, 0x0000, 0x0000,
    0x0000, 0x0000, 0x0000, 0x0000, 0x0000, 0x0000, 0x0000, 0x0000, 0x0000, 0x0000, 0x0000, 0x0000, 0x0000, 0x0000, 0x0000, 0x0000,
    0x0000, 0x0000, 0x0000, 0x0000, 0x0000, 0xcba6, 0xd342, 0xcba6, 0x0000, 0x0000, 0x0000, 0xcba6, 0xcba6, 0x0000, 0x0000, 0xcba6,
    0xcba6, 0xd342, 0xcba6, 0xcba6, 0xd342, 0xcba6, 0x0000, 0x0000, 0x0000, 0xcba6, 0xcba6, 0x0000, 0x0000, 0x0000, 0x0000, 0xcba6,
    0xcba6, 0x0000, 0x0000, 0xcba6, 0xcba6, 0xd342, 0xcba6, 0xcba6, 0xd342, 0xcba6, 0x0000, 0x0000, 0xcba6, 0xcba6, 0xcba6, 0xd342,
    0xcba6, 0xcba6, 0x0000, 0x0000, 0x0000, 0x0000, 0x0000, 0x0000, 0xcba6, 0xcba6, 0x0000, 0x0000, 0x0000, 0xcba6, 0xd342, 0xcba6,
    0xcba6, 0xcba6, 0xcba6, 0xcba6, 0xcba6, 0x0000, 0xcba6, 0xcba6, 0xd342, 0xcba6, 0xcba6, 0xcba6, 0xcba6, 0x0000, 0x0000, 0xcba6,
    0xcba6, 0x0000, 0x0000, 0xcba6, 0xcba6, 0x0000, 0xcba6, 0xd342, 0xcba6, 0x0000, 0x0000, 0x0000, 0xcba6, 0xd342, 0xcba6, 0x0000,
    0xcba6, 0xcba6, 0xd342, 0xcba6, 0xcba6, 0xcba6, 0xcba6, 0x0000, 0xcba6, 0xd342, 0xcba6, 0x0000, 0x0000, 0x0000, 0xcba6, 0xd342,
    0xcba6, 0x0000, 0x0000, 0x0000, 0x0000, 0x0000, 0x0000, 0x0000, 0x0000, 0x0000, 0x0000, 0x0000, 0x0000, 0x0000, 0x0000, 0x0000,
    0x0000, 0x0000, 0x0000, 0x0000, 0x0000, 0x0000, 0x0000, 0x0000, 0x0000, 0x0000, 0x0000, 0x0000, 0x0000, 0x0000, 0x0000, 0x0000,
    0x0000, 0x0000, 0x0000, 0x0000, 0x0000, 0x0000, 0x0000, 0x0000, 0x0000, 0x0000, 0x0000, 0x0000, 0x0000, 0x0000, 0x0000, 0x0000,
    0x0000, 0x0000, 0x0000, 0x0000, 0x0000, 0xcba6, 0xd342, 0xcba6, 0x0000, 0x0000, 0x0000, 0xcba6, 0xcba6, 0x0000, 0xcba6, 0xd342,
    0xcba6, 0xcba6, 0x0000, 0xcba6, 0xd342, 0xcba6, 0x0000, 0x0000, 0xcba6, 0xd342, 0xcba6, 0x0000, 0x0000, 0x0000, 0x0000, 0xcba6,
    0xcba6, 0x0000, 0xcba6, 0xd342, 0xcba6, 0xcba6, 0x0000, 0xcba6, 0xd342, 0xcba6, 0x0000, 0x0000, 0x0000, 0x0000, 0x0000, 0xcba6,
    0xcba6, 0xcba6, 0x0000, 0x0000, 0x0000, 0x0000, 0x0000, 0x0000, 0xcba6, 0xcba6, 0x0000, 0x0000, 0x0000, 0xcba6, 0xd342, 0xcba6,
    0x0000, 0x0000, 0x0000, 0x0000, 0x0000, 0x0000, 0xcba6, 0xcba6, 0xcba6, 0x0000, 0x0000, 0xcba6, 0xcba6, 0x0000, 0x0000, 0xcba6,
    0xcba6, 0x0000, 0x0000, 0xcba6, 0xcba6, 0x0000, 0xcba6, 0xd342, 0xcba6, 0x0000, 0x0000, 0x0000, 0xcba6, 0xd342, 0xcba6, 0x0000,
    0xcba6, 0xcba6, 0xcba6, 0x0000, 0x0000, 0xcba6, 0xcba6, 0x0000, 0xcba6, 0xd342, 0xcba6, 0x0000, 0x0000, 0x0000, 0xcba6, 0xd342,
    0xcba6, 0x0000, 0x0000, 0x0000, 0x0000, 0x0000, 0x0000, 0x0000, 0x0000, 0x0000, 0x0000, 0x0000, 0x0000, 0x0000, 0x0000, 0x0000,
    0x0000, 0x0000, 0x0000, 0x0000, 0x0000, 0x0000, 0x0000, 0x0000, 0x0000, 0x0000, 0x0000, 0x0000, 0x0000, 0x0000, 0x0000, 0x0000,
    0x0000, 0x0000, 0x0000, 0x0000, 0x0000, 0x0000, 0x0000, 0x0000, 0x0000, 0x0000, 0x0000, 0x0000, 0x0000, 0x0000, 0x0000, 0x0000,
    0x0000, 0x0000, 0x0000, 0x0000, 0x0000, 0xcba6, 0xd342, 0xcba6, 0x0000, 0x0000, 0x0000, 0xcba6, 0xcba6, 0x0000, 0xcba6, 0xd342,
    0xcba6, 0x0000, 0x0000, 0xcba6, 0xd342, 0xcba6, 0x0000, 0xcba6, 0xd342, 0xcba6, 0x0000, 0x0000, 0x0000, 0x0000, 0x0000, 0xcba6,
    0xcba6, 0x0000, 0xcba6, 0xd342, 0xcba6, 0x0000, 0x0000, 0xcba6, 0xd342, 0xcba6, 0x0000, 0xcba6, 0xcba6, 0x0000, 0x0000, 0x0000,
    0xcba6, 0xcba6, 0x0000, 0x0000, 0x0000, 0x0000, 0x0000, 0x0000, 0xcba6, 0xcba6, 0x0000, 0x0000, 0x0000, 0xcba6, 0xd342, 0xcba6,
    0x0000, 0x0000, 0x0000, 0xcba6, 0x0000, 0xcba6, 0xd342, 0xcba6, 0x0000, 0x0000, 0xcba6, 0xcba6, 0xcba6, 0x0000, 0x0000, 0xcba6,
    0xcba6, 0x0000, 0x0000, 0xcba6, 0xcba6, 0x0000, 0x0000, 0xcba6, 0xcba6, 0xcba6, 0x0000, 0x0000, 0xcba6, 0xd342, 0xcba6, 0x0000,
    0xcba6, 0xcba6, 0x0000, 0x0000, 0xcba6, 0xcba6, 0xcba6, 0x0000, 0xcba6, 0xd342, 0xcba6, 0x0000, 0x0000, 0x0000, 0xcba6, 0xd342,
    0xcba6, 0x0000, 0x0000, 0x0000, 0x0000, 0x0000, 0x0000, 0x0000, 0x0000, 0x0000, 0x0000, 0x0000, 0x0000, 0x0000, 0x0000, 0x0000,
    0x0000, 0x0000, 0x0000, 0x0000, 0x0000, 0x0000, 0x0000, 0x0000, 0x0000, 0x0000, 0x0000, 0x0000, 0x0000, 0x0000, 0x0000, 0x0000,
    0x0000, 0x0000, 0x0000, 0x0000, 0x0000, 0x0000, 0x0000, 0x0000, 0x0000, 0x0000, 0x0000, 0x0000, 0x0000, 0x0000, 0x0000, 0x0000,
    0x0000, 0x0000, 0x0000, 0x0000, 0x0000, 0xcba6, 0xd342, 0xcba6, 0x0000, 0x0000, 0x0000, 0xcba6, 0xcba6, 0x0000, 0xcba6, 0xd342,
    0xcba6, 0xcba6, 0xcba6, 0xcba6, 0xd342, 0xcba6, 0xcba6, 0xd342, 0xd342, 0xcba6, 0xcba6, 0xcba6, 0xcba6, 0xcba6, 0x0000, 0xcba6,
    0xcba6, 0x0000, 0xcba6, 0xcba6, 0xd342, 0xcba6, 0xcba6, 0xcba6, 0xcba6, 0xcba6, 0x0000, 0xcba6, 0xd342, 0xcba6, 0xcba6, 0xcba6,
    0xd342, 0xcba6, 0x0000, 0x0000, 0x0000, 0x0000, 0x0000, 0x0000, 0xcba6, 0xcba6, 0x0000, 0x0000, 0x0000, 0x0000, 0xcba6, 0xd342,
    0xcba6, 0xcba6, 0xcba6, 0xd342, 0xcba6, 0x0000, 0xcba6, 0xd342, 0xcba6, 0xcba6, 0xd342, 0xcba6, 0xcba6, 0x0000, 0x0000, 0xcba6,
    0xcba6, 0x0000, 0x0000, 0xcba6, 0xcba6, 0x0000, 0x0000, 0xcba6, 0xd342, 0xcba6, 0xcba6, 0xcba6, 0xcba6, 0xd342, 0xcba6, 0x0000,
    0xcba6, 0xd342, 0xcba6, 0xcba6, 0xcba6, 0xcba6, 0xcba6, 0x0000, 0x0000, 0xcba6, 0xd342, 0xcba6, 0xcba6, 0xcba6, 0xcba6, 0xd342,
    0xcba6, 0x0000, 0x0000, 0x0000, 0x0000, 0x0000, 0x0000, 0x0000, 0x0000, 0x0000, 0x0000, 0x0000, 0x0000, 0x0000, 0x0000, 0x0000,
    0x0000, 0x0000, 0x0000, 0x0000, 0x0000, 0x0000, 0x0000, 0x0000, 0x0000, 0x0000, 0x0000, 0x0000, 0x0000, 0x0000, 0x0000, 0x0000,
    0x0000, 0x0000, 0x0000, 0x0000, 0x0000, 0x0000, 0x0000, 0x0000, 0x0000, 0x0000, 0x0000, 0x0000, 0x0000, 0x0000, 0x0000, 0x0000,
    0x0000, 0x0000, 0x0000, 0x0000, 0x0000, 0xcba6, 0xcba6, 0xcba6, 0x0000, 0x0000, 0x0000, 0xcba6, 0xcba6, 0x0000, 0x0000, 0xcba6,
    0xcba6, 0xcba6, 0xcba6, 0xcba6, 0xcba6, 0xcba6, 0xcba6, 0xcba6, 0xcba6, 0xcba6, 0xcba6, 0xcba6, 0xcba6, 0xcba6, 0x0000, 0xcba6,
    0xcba6, 0x0000, 0x0000, 0xcba6, 0xcba6, 0xcba6, 0xcba6, 0x0000, 0xcba6, 0xcba6, 0x0000, 0x0000, 0xcba6, 0xcba6, 0xcba6, 0xcba6,
    0xcba6, 0x0000, 0x0000, 0x0000, 0x0000, 0x0000, 0x0000, 0x0000, 0xcba6, 0xcba6, 0x0000, 0x0000, 0x0000, 0x0000, 0x0000, 0xcba6,
    0xcba6, 0xcba6, 0xcba6, 0xcba6, 0x0000, 0x0000, 0x0000, 0xcba6, 0xcba6, 0xcba6, 0xcba6, 0xcba6, 0xcba6, 0x0000, 0x0000, 0xcba6,
    0xcba6, 0x0000, 0x0000, 0xcba6, 0xcba6, 0x0000, 0x0000, 0x0000, 0xcba6, 0xcba6, 0xcba6, 0xcba6, 0xcba6, 0xcba6, 0xcba6, 0x0000,
    0x0000, 0xcba6, 0xcba6, 0xcba6, 0xcba6, 0xcba6, 0xcba6, 0x0000, 0x0000, 0x0000, 0xcba6, 0xcba6, 0xcba6, 0xcba6, 0xcba6, 0xcba6,
    0xcba6, 0x0000, 0x0000, 0x0000, 0x0000, 0x0000, 0x0000, 0x0000, 0x0000, 0x0000, 0x0000, 0x0000, 0x0000, 0x0000, 0x0000, 0x0000,
    0x0000, 0x0000, 0x0000, 0x0000, 0x0000, 0x0000, 0x0000, 0x0000, 0x0000, 0x0000, 0x0000, 0x0000, 0x0000, 0x0000, 0x0000, 0x0000,
    0x0000, 0x0000, 0x0000, 0x0000, 0x0000, 0x0000, 0x0000, 0x0000, 0x0000, 0x0000, 0x0000, 0x0000, 0x0000, 0x0000, 0x0000, 0x0000,
    0x0000, 0x0000, 0x0000, 0x0000, 0x0000, 0x0000, 0x0000, 0x0000, 0x0000, 0x0000, 0x0000, 0x0000, 0x0000, 0x0000, 0x0000, 0x0000,
    0x0000, 0x0000, 0x0000, 0x0000, 0x0000, 0x0000, 0x0000, 0x0000, 0x0000, 0x0000, 0x0000, 0x0000, 0x0000, 0x0000, 0x0000, 0x0000,
    0x0000, 0x0000, 0x0000, 0x0000, 0x0000, 0x0000, 0x0000, 0x0000, 0x0000, 0x0000, 0x0000, 0x0000, 0x0000, 0x0000, 0x0000, 0x0000,
    0x0000, 0x0000, 0x0000, 0x0000, 0x0000, 0x0000, 0x0000, 0x0000, 0x0000, 0x0000, 0x0000, 0x0000, 0x0000, 0x0000, 0x0000, 0x0000,
    0x0000, 0x0000, 0x0000, 0x0000, 0x0000, 0x0000, 0x0000, 0x0000, 0x0000, 0x0000, 0x0000, 0x0000, 0x0000, 0x0000, 0x0000, 0x0000,
    0x0000, 0x0000, 0x0000, 0x0000, 0x0000, 0x0000, 0x0000, 0x0000, 0x0000, 0x0000, 0x0000, 0x0000, 0x0000, 0x0000, 0x0000, 0x0000,
    0x0000, 0x0000, 0x0000, 0x0000, 0x0000, 0x0000, 0x0000, 0x0000, 0x0000, 0x0000, 0x0000, 0x0000, 0x0000, 0x0000, 0x0000, 0x0000,
    0x0000, 0x0000, 0x0000, 0x0000, 0x0000, 0x0000, 0x0000, 0x0000, 0x0000, 0x0000, 0x0000, 0x0000, 0x0000, 0x0000, 0x0000, 0x0000,
    0x0000, 0x0000, 0x0000, 0x0000, 0x0000, 0x0000, 0x0000, 0x0000, 0x0000, 0x0000, 0x0000, 0x0000, 0x0000, 0x0000, 0x0000, 0x0000,
    0x0000, 0x0000, 0x0000, 0x0000, 0x0000, 0x0000, 0x0000, 0x0000, 0x0000, 0x0000, 0x0000, 0x0000, 0x0000, 0x0000, 0x0000, 0x0000,
    0x0000, 0x0000, 0x0000, 0x0000, 0x0000, 0x0000, 0x0000, 0x0000, 0x0000, 0x0000, 0x0000, 0x0000, 0x0000, 0x0000, 0x0000, 0x0000,
    0x0000, 0x0000, 0x0000, 0x0000, 0x0000, 0x0000, 0x0000, 0x0000, 0x0000, 0x0000, 0x0000, 0x0000, 0x0000, 0x0000, 0x0000, 0x0000,
    0x0000, 0x0000, 0x0000, 0x0000, 0x0000, 0x0000, 0x0000, 0x0000, 0x0000, 0x0000, 0x0000, 0x0000, 0x0000, 0x0000, 0x0000, 0x0000,
    0x0000, 0x0000, 0x0000, 0x0000, 0x0000, 0x0000, 0x0000, 0x0000, 0x0000, 0x0000, 0x0000, 0x0000, 0x0000, 0x0000, 0x0000, 0x0000,
    0x0000, 0x0000, 0x0000, 0x0000, 0x0000, 0x0000, 0x0000, 0x0000, 0x0000, 0x0000, 0x0000, 0x0000, 0x0000, 0x0000, 0x0000, 0x0000,
    0x0000, 0x0000, 0x0000, 0x0000, 0x0000, 0x0000, 0x0000, 0x0000, 0x0000, 0x0000, 0x0000, 0x0000, 0x0000, 0x0000, 0x0000, 0x0000,
    0x0000, 0x0000, 0x0000, 0x0000, 0x0000, 0x0000, 0x0000, 0x0000, 0x0000, 0x0000, 0x0000, 0x0000, 0x0000, 0x0000, 0x0000, 0x0000,
    0x0000, 0x0000, 0x0000, 0x0000, 0x0000, 0x0000, 0x0000, 0x0000, 0x0000, 0x0000, 0x0000, 0x0000, 0x0000, 0x0000, 0x0000, 0x0000,
    0x0000, 0x0000, 0x0000, 0x0000, 0x0000, 0x0000, 0x0000, 0x0000, 0x0000, 0x0000, 0x0000, 0x0000, 0x0000, 0x0000, 0x0000, 0x0000,
    0x0000, 0x0000, 0x0000, 0x0000, 0x0000, 0x0000, 0x0000, 0x0000, 0x0000, 0x0000, 0x0000, 0x0000, 0x0000, 0x0000, 0x0000, 0x0000,
    0x0000, 0x0000, 0x0000, 0x0000, 0x0000, 0x0000, 0x0000, 0x0000, 0x0000, 0x0000, 0x0000, 0x0000, 0x0000, 0x0000, 0x0000, 0x0000,
    0x0000, 0x0000, 0x0000, 0x0000, 0x0000, 0x0000, 0x0000, 0x0000, 0x0000, 0x0000, 0x0000, 0x0000, 0x0000, 0x0000, 0x0000, 0x0000,
    0x0000, 0x0000, 0x0000, 0x0000, 0x0000, 0x0000, 0x0000, 0x0000, 0x0000, 0x0000, 0x0000, 0x0000, 0x0000, 0x0000, 0x0000, 0x0000,
    0x0000, 0x0000, 0x0000, 0x0000, 0x0000, 0x0000, 0x0000, 0x0000, 0x0000, 0x0000, 0x0000, 0x0000, 0x0000, 0x0000, 0x0000, 0x0000,
    0x0000, 0x0000, 0x0000, 0x0000, 0x0000, 0x0000, 0x0000, 0x0000, 0x0000, 0x0000, 0x0000, 0x0000, 0x0000, 0x0000, 0x0000, 0x0000,
    0x0000, 0x0000, 0x0000, 0x0000, 0x0000, 0x0000, 0x0000, 0x0000, 0x0000, 0x0000, 0x0000, 0x0000, 0x0000, 0x0000, 0x0000, 0x0000,
    0x0000, 0x0000, 0x0000, 0x0000, 0x0000, 0x0000, 0x0000, 0x0000, 0x0000, 0x0000, 0x0000, 0x0000, 0x0000, 0x0000, 0x0000, 0x0000,
    0x0000, 0x0000, 0x0000, 0x0000, 0x0000, 0x0000, 0x0000, 0x0000, 0x0000, 0x0000, 0x0000, 0x0000, 0x0000, 0x0000, 0x0000, 0x0000,
    0x0000, 0x0000, 0x0000, 0x0000, 0x0000, 0x0000, 0x0000, 0x0000, 0x0000, 0x0000, 0x0000, 0x0000, 0x0000, 0x0000, 0x0000, 0x0000,
    0x0000, 0x0000, 0x0000, 0x0000, 0x0000, 0x0000, 0x0000, 0x0000, 0x0000, 0x0000, 0x0000, 0x0000, 0x0000, 0x0000, 0x0000, 0x0000,
    0x0000, 0x0000, 0x0000, 0x0000, 0x0000, 0x0000, 0x0000, 0x0000, 0x0000, 0x0000, 0x0000, 0x0000, 0x0000, 0x0000, 0x0000, 0x0000,
    0x0000, 0x0000, 0x0000, 0x0000, 0x0000, 0x0000, 0x0000, 0x0000, 0x0000, 0x0000, 0x0000, 0x0000, 0x0000, 0x0000, 0x0000, 0x0000,
    0x0000, 0x0000, 0x0000, 0x0000, 0x0000, 0x0000, 0x0000, 0x0000, 0x0000, 0x0000, 0x0000, 0x0000, 0x0000, 0x0000, 0x0000, 0x0000,
    0x0000, 0x0000, 0x0000, 0x0000, 0x0000, 0x0000, 0x0000, 0x0000, 0x0000, 0x0000, 0x0000, 0x0000, 0x0000, 0x0000, 0x0000, 0x0000,
    0x0000, 0x0000, 0x0000, 0x0000, 0x0000, 0x0000, 0x0000, 0x0000, 0x0000, 0x0000, 0x0000, 0x0000, 0x0000, 0x0000, 0x0000, 0x0000,
    0x0000, 0x0000, 0x0000, 0x0000, 0x0000, 0x0000, 0x0000, 0x0000, 0x0000, 0x0000, 0x0000, 0x0000, 0x0000, 0x0000, 0x0000, 0x0000,
    0x0000, 0x0000, 0x0000, 0x0000, 0x0000, 0x0000, 0x0000, 0x0000, 0x0000, 0x0000, 0x0000, 0x0000, 0x0000, 0x0000, 0x0000, 0x0000,
    0x0000, 0x0000, 0x0000, 0x0000, 0x0000, 0x0000, 0x0000, 0x0000, 0x0000, 0x0000, 0x0000, 0x0000, 0x0000, 0x0000, 0x0000, 0x0000,
    0x0000, 0x0000, 0x0000, 0x0000, 0x0000, 0x0000, 0x0000, 0x0000, 0x0000, 0x0000, 0x0000, 0x0000, 0x0000, 0x0000, 0x0000, 0x0000,
    0x0000, 0x0000, 0x0000, 0x0000, 0x0000, 0x0000, 0x0000, 0x0000, 0x0000, 0x0000, 0x0000, 0x0000, 0x0000, 0x0000, 0x0000, 0x0000,
    0x0000, 0x0000, 0x0000, 0x0000, 0x0000, 0x0000, 0x0000, 0x0000, 0x0000, 0x0000, 0x0000, 0x0000, 0x0000, 0x0000, 0x0000, 0x0000,
    0x0000, 0x0000, 0x0000, 0x0000, 0x0000, 0x0000, 0x0000, 0x0000, 0x0000, 0x0000, 0x0000, 0x0000, 0x0000, 0x0000, 0x0000, 0x0000,
    0x0000, 0x0000, 0x0000, 0x0000, 0x0000, 0x0000, 0x0000, 0x0000, 0x0000, 0x0000, 0x0000, 0x0000, 0x0000, 0x0000, 0x0000, 0x0000,
    0x0000, 0x0000, 0x0000, 0x0000, 0x0000, 0x0000, 0x0000, 0x0000, 0x0000, 0x0000, 0x0000, 0x0000, 0x0000, 0x0000, 0x0000, 0x0000,
    0x0000, 0x0000, 0x0000, 0x0000, 0x0000, 0x0000, 0x0000, 0x0000, 0x0000, 0x0000, 0x0000, 0x0000, 0x0000, 0x0000, 0x0000, 0x0000,
    0x0000, 0x0000, 0x0000, 0x0000, 0x0000, 0x0000, 0x0000, 0x0000, 0x0000, 0x0000, 0x0000, 0x0000, 0x0000, 0x0000, 0x0000, 0x0000,
    0x0000, 0x0000, 0x0000, 0x0000, 0x0000, 0x0000, 0x0000, 0x0000, 0x0000, 0x0000, 0x0000, 0x0000, 0x0000, 0x0000, 0x0000, 0x0000,
    0x0000, 0x0000, 0x0000, 0x0000, 0x0000, 0x0000, 0x0000, 0x0000, 0x0000, 0x0000, 0x0000, 0x0000, 0x0000, 0x0000, 0x0000, 0x0000,
    0x0000, 0x0000, 0x0000, 0x0000, 0x0000, 0x0000, 0x0000, 0x0000, 0x0000, 0x0000, 0x0000, 0x0000, 0x0000, 0x0000, 0x0000, 0x0000,
    0x0000, 0x0000, 0x0000, 0x0000, 0x0000, 0x0000, 0x0000, 0x0000, 0x0000, 0x0000, 0x0000, 0x0000, 0x0000, 0x0000, 0x0000, 0x0000,
    0x0000, 0x0000, 0x0000, 0x0000, 0x0000, 0x0000, 0x0000, 0x0000, 0x0000, 0x0000, 0x0000, 0x0000, 0x0000, 0x0000, 0x0000, 0x0000,
    0x0000, 0x0000, 0x0000, 0x0000, 0x0000, 0x0000, 0x0000, 0x0000, 0x0000, 0x0000, 0x0000, 0x0000, 0x0000, 0x0000, 0x0000, 0x0000,
    0x0000, 0x0000, 0x0000, 0x0000, 0x0000, 0x0000, 0x0000, 0x0000, 0x0000, 0x0000, 0x0000, 0x0000, 0x0000, 0x0000, 0x0000, 0x0000,
    0x0000, 0x0000, 0x0000, 0x0000, 0x0000, 0x0000, 0x0000, 0x0000, 0x0000, 0x0000, 0x0000, 0x0000, 0x0000, 0x0000, 0x0000, 0x0000,
    0x0000, 0x0000, 0x0000, 0x0000, 0x0000, 0x0000, 0x0000, 0x0000, 0x0000, 0x0000, 0x0000, 0x0000, 0x0000, 0x0000, 0x0000, 0x0000,
    0x0000, 0x0000, 0x0000, 0x0000, 0x0000, 0x0000, 0x0000, 0x0000, 0x0000, 0x0000, 0x0000, 0x0000, 0x0000, 0x0000, 0x0000, 0x0000,
    0x0000, 0x0000, 0x0000, 0x0000, 0x0000, 0x0000, 0x0000, 0x0000, 0x0000, 0x0000, 0x0000, 0x0000, 0x0000, 0x0000, 0x0000, 0x0000,
    0x0000, 0x0000, 0x0000, 0x0000, 0x0000, 0x0000, 0x0000, 0x0000, 0x0000, 0x0000, 0x0000, 0x0000, 0x0000, 0x0000, 0x0000, 0x0000,
    0x0000, 0x0000, 0x0000, 0x0000, 0x0000, 0x0000, 0x0000, 0x0000, 0x0000, 0x0000, 0x0000, 0x0000, 0x0000, 0x0000, 0x0000, 0x0000,
    0x0000, 0x0000, 0x0000, 0x0000, 0x0000, 0x0000, 0x0000, 0x0000, 0x0000, 0x0000, 0x0000, 0x0000, 0x0000, 0x0000, 0x0000, 0x0000,
    0x0000, 0x0000, 0x0000, 0x0000, 0x0000, 0x0000, 0x0000, 0x0000, 0x0000, 0x0000, 0x0000, 0x0000, 0x0000, 0x0000, 0x0000, 0x0000,
    0x0000, 0x0000, 0x0000, 0x0000, 0x0000, 0x0000, 0x0000, 0x0000, 0x0000, 0x0000, 0x0000, 0x0000, 0x0000, 0x0000, 0x0000, 0x0000,
    0x0000, 0x0000, 0x0000, 0x0000, 0x0000, 0x0000, 0x0000, 0x0000, 0x0000, 0x0000, 0x0000, 0x0000, 0x0000, 0x0000, 0x0000, 0x0000,
    0x0000, 0x0000, 0x0000, 0x0000, 0x0000, 0x0000, 0x0000, 0x0000, 0x0000, 0x0000, 0x0000, 0x0000, 0x0000, 0x0000, 0x0000, 0x0000,
    0x0000, 0x0000, 0x0000, 0x0000, 0x0000, 0x0000, 0x0000, 0x0000, 0x0000, 0x0000, 0x0000, 0x0000, 0x0000, 0x0000, 0x0000, 0x0000,
    0x0000, 0x0000, 0x0000, 0x0000, 0x0000, 0x0000, 0x0000, 0x0000, 0x0000, 0x0000, 0x0000, 0x0000, 0x0000, 0x0000, 0x0000, 0x0000,
    0x0000, 0x0000, 0x0000, 0x0000, 0x0000, 0x0000, 0x0000, 0x0000, 0x0000, 0x0000, 0x0000, 0x0000, 0x0000, 0x0000, 0x0000, 0x0000,
    0x0000, 0x0000, 0x0000, 0x0000, 0x0000, 0x0000, 0x0000, 0x0000, 0x0000, 0x0000, 0x0000, 0x0000, 0x0000, 0x0000, 0x0000, 0x0000,
    0x0000, 0x0000, 0x0000, 0x0000, 0x0000, 0x0000, 0x0000, 0x0000, 0x0000, 0x0000, 0x0000, 0x0000, 0x0000, 0x0000, 0x0000, 0x0000,
    0x0000, 0x0000, 0x0000, 0x0000, 0x0000, 0x0000, 0x0000, 0x0000, 0x0000, 0x0000, 0x0000, 0x0000, 0x0000, 0x0000, 0x0000, 0x0000,
    0x0000, 0x0000, 0x0000, 0x0000, 0x0000, 0x0000, 0x0000, 0x0000, 0x0000, 0x0000, 0x0000, 0x0000, 0x0000, 0x0000, 0x0000, 0x0000,
    0x0000, 0x0000, 0x0000, 0x0000, 0x0000, 0x0000, 0x0000, 0x0000, 0x0000, 0x0000, 0x0000, 0x0000, 0x0000, 0x0000, 0x0000, 0x0000,
    0x0000, 0x0000, 0x0000, 0x0000, 0x0000, 0x0000, 0x0000, 0x0000, 0x0000, 0x0000, 0x0000, 0x0000, 0x0000, 0x0000, 0x0000, 0x0000,
    0x0000, 0x0000, 0x0000, 0x0000, 0x0000, 0x0000, 0x0000, 0x0000, 0x0000, 0x0000, 0x0000, 0x0000, 0x0000, 0x0000, 0x0000, 0x0000,
    0x0000, 0x0000, 0x0000, 0x0000, 0x0000, 0x0000, 0x0000, 0x0000, 0x0000, 0x0000, 0x0000, 0x0000, 0x0000, 0x0000, 0x0000, 0x0000,
    0x0000, 0x0000, 0x0000, 0x0000, 0x0000, 0x0000, 0x0000, 0x0000, 0x0000, 0x0000, 0x0000, 0x0000, 0x0000, 0x0000, 0x0000, 0x0000,
    0x0000, 0x0000, 0x0000, 0x0000, 0x0000, 0x0000, 0x0000, 0x0000, 0x0000, 0x0000, 0x0000, 0x0000, 0x0000, 0x0000, 0x0000, 0x0000,
    0x0000, 0x0000, 0x0000, 0x0000, 0x0000, 0x0000, 0x0000, 0x0000, 0x0000, 0x0000, 0x0000, 0x0000, 0x0000, 0x0000, 0x0000, 0x0000,
    0x0000, 0x0000, 0x0000, 0x0000, 0x0000, 0x0000, 0x0000, 0x0000, 0x0000, 0x0000, 0x0000, 0x0000, 0x0000, 0x0000, 0x0000, 0x0000,
    0x0000, 0x0000, 0x0000, 0x0000, 0x0000, 0x0000, 0x0000, 0x0000, 0x0000, 0x0000, 0x0000, 0x0000, 0x0000, 0x0000, 0x0000, 0x0000,
    0x0000, 0x0000, 0x0000, 0x0000, 0x0000, 0x0000, 0x0000, 0x0000, 0x0000, 0x0000, 0x0000, 0x0000, 0x0000, 0x0000, 0x0000, 0x0000,
    0x0000, 0x0000, 0x0000, 0x0000, 0x0000, 0x0000, 0x0000, 0x0000, 0x0000, 0x0000, 0x0000, 0x0000, 0x0000, 0x0000, 0x0000, 0x0000,
    0x0000, 0x0000, 0x0000, 0x0000, 0x0000, 0x0000, 0x0000, 0x0000, 0x0000, 0x0000, 0x0000, 0x0000, 0x0000, 0x0000, 0x0000, 0x0000,
    0x0000, 0x0000, 0x0000, 0x0000, 0x0000, 0x0000, 0x0000, 0x0000, 0x0000, 0x0000, 0x0000, 0x0000, 0x0000, 0x0000, 0x0000, 0x0000,
    0x0000, 0x0000, 0x0000, 0x0000, 0x0000, 0x0000, 0x0000, 0x0000, 0x0000, 0x0000, 0x0000, 0x0000, 0x0000, 0x0000, 0x0000, 0x0000,
    0x0000, 0x0000, 0x0000, 0x0000, 0x0000, 0x0000, 0x0000, 0x0000, 0x0000, 0x0000, 0x0000, 0x0000, 0x0000, 0x0000, 0x0000, 0x0000,
    0x0000, 0x0000, 0x0000, 0x0000, 0x0000, 0x0000, 0x0000, 0x0000, 0x0000, 0x0000, 0x0000, 0x0000, 0x0000, 0x0000, 0x0000, 0x0000,
    0x0000, 0x0000, 0x0000, 0x0000, 0x0000, 0x0000, 0x0000, 0x0000, 0x0000, 0x0000, 0x0000, 0x0000, 0x0000, 0x0000, 0x0000, 0x0000,
    0x0000, 0x0000, 0x0000, 0x0000, 0x0000, 0x0000, 0x0000, 0x0000, 0x0000, 0x0000, 0x0000, 0x0000, 0x0000, 0x0000, 0x0000, 0x0000,
    0x0000, 0x0000, 0x0000, 0x0000, 0x0000, 0x0000, 0x0000, 0x0000, 0x0000, 0x0000, 0x0000, 0x0000, 0x0000, 0x0000, 0x0000, 0x0000,
    0x0000, 0x0000, 0x0000, 0x0000, 0x0000, 0x0000, 0x0000, 0x0000, 0x0000, 0x0000, 0x0000, 0x0000, 0x0000, 0x0000, 0x0000, 0x0000,
    0x0000, 0x0000, 0x0000, 0x0000, 0x0000, 0x0000, 0x0000, 0x0000, 0x0000, 0x0000, 0x0000, 0x0000, 0x0000, 0x0000, 0x0000, 0x0000,
    0x0000, 0x0000, 0x0000, 0x0000, 0x0000, 0x0000, 0x0000, 0x0000, 0x0000, 0x0000, 0x0000, 0x0000, 0x0000, 0x0000, 0x0000, 0x0000,
    0x0000, 0x0000, 0x0000, 0x0000, 0x0000, 0x0000, 0x0000, 0x0000, 0x0000, 0x0000, 0x0000, 0x0000, 0x0000, 0x0000, 0x0000, 0x0000,
    0x0000, 0x0000, 0x0000, 0x0000, 0x0000, 0x0000, 0x0000, 0x0000, 0x0000, 0x0000, 0x0000, 0x0000, 0x0000, 0x0000, 0x0000, 0x0000,
    0x0000, 0x0000, 0x0000, 0x0000, 0x0000, 0x0000, 0x0000, 0x0000, 0x0000, 0x0000, 0x0000, 0x0000, 0x0000, 0x0000, 0x0000, 0x0000,
    0x0000, 0x0000, 0x0000, 0x0000, 0x0000, 0x0000, 0x0000, 0x0000, 0x0000, 0x0000, 0x0000, 0x0000, 0x0000, 0x0000, 0x0000, 0x0000,
    0x0000, 0x0000, 0x0000, 0x0000, 0x0000, 0x0000, 0x0000, 0x0000, 0x0000, 0x0000, 0x0000, 0x0000, 0x0000, 0x0000, 0x0000, 0x0000,
    0x0000, 0x0000, 0x0000, 0x0000, 0x0000, 0x0000, 0x0000, 0x0000, 0x0000, 0x0000, 0x0000, 0x0000, 0x0000, 0x0000, 0x0000, 0x0000,
    0x0000, 0x0000, 0x0000, 0x0000, 0x0000, 0x0000, 0x0000, 0x0000, 0x0000, 0x0000, 0x0000, 0x0000, 0x0000, 0x0000, 0x0000, 0x0000,
    0x0000, 0x0000, 0x0000, 0x0000, 0x0000, 0x0000, 0x0000, 0x0000, 0x0000, 0x0000, 0x0000, 0x0000, 0x0000, 0x0000, 0x0000, 0x0000,
    0x0000, 0x0000, 0x0000, 0x0000, 0x0000, 0x0000, 0x0000, 0x0000, 0x0000, 0x0000, 0x0000, 0x0000, 0x0000, 0x0000, 0x0000, 0x0000,
    0x0000, 0x0000, 0x0000, 0x0000, 0x0000, 0x0000, 0x0000, 0x0000, 0x0000, 0x0000, 0x0000, 0x0000, 0x0000, 0x0000, 0x0000, 0x0000,
    0x0000, 0x0000, 0x0000, 0x0000, 0x0000, 0x0000, 0x0000, 0x0000, 0x0000, 0x0000, 0x0000, 0x0000, 0x0000, 0x0000, 0x0000, 0x0000,
    0x0000, 0x0000, 0x0000, 0x0000, 0x0000, 0x0000, 0x0000, 0x0000, 0x0000, 0x0000, 0x0000, 0x0000, 0x0000, 0x0000, 0x0000, 0x0000,
    0x0000, 0x0000, 0x0000, 0x0000, 0x0000, 0x0000, 0x0000, 0x0000, 0x0000, 0x0000, 0x0000, 0x0000, 0x0000, 0x0000, 0x0000, 0x0000,
    0x0000, 0x0000, 0x0000, 0x0000, 0x0000, 0x0000, 0x0000, 0x0000, 0x0000, 0x0000, 0x0000, 0x0000, 0x0000, 0x0000, 0x0000, 0x0000,
    0x0000, 0x0000, 0x0000, 0x0000, 0x0000, 0x0000, 0x0000, 0x0000, 0x0000, 0x0000, 0x0000, 0x0000, 0x0000, 0x0000, 0x0000, 0x0000};
    */